"ulb","ward","propertyid","oldpropertyid","acknowldgementnumber","propertytype","usagecategory","creationreason","status","createdtime"
"Cuttack",NULL,"PT-2021-08-02-000001",NULL,"PT-AC-2021-08-02-000001","Independent Property","Independent Property","CREATE","INWORKFLOW","2021-08-02"
"Tarbha",NULL,"PT-2021-09-07-000002",NULL,"PT-AC-2021-09-07-000002","Independent Property","Independent Property","CREATE","ACTIVE","2021-09-07"
"Gunupur",NULL,"PT-2021-09-08-000003",NULL,"PT-AC-2021-09-08-000003","Independent Property","Independent Property","CREATE","INWORKFLOW","2021-09-08"
"Balasore",NULL,"PT-2021-09-12-000004",NULL,"PT-AC-2021-09-12-000004","Shared Property","Non Residentials Industrial","CREATE","INWORKFLOW","2021-09-12"
"Rourkela","01","PT-RRK-444134",NULL,"PT-AC-RRK-2021-09-21-444134","Independent Property","Independent Property","CREATE","INWORKFLOW","2021-09-21"
"Athmallik","01","PT-ATM-568442",NULL,"PT-AC-ATM-2021-09-30-568442","Independent Property","Independent Property","CREATE","INWORKFLOW","2021-09-30"
"Gudari",NULL,"PT-GDR-568443",NULL,"PT-AC-GDR-2021-10-05-568444","Independent Property","Independent Property","CREATE","INACTIVE","2021-10-05"
"Gudari","10","PT-GDR-568443",NULL,"PT-AC-GDR-2021-10-05-568445","Independent Property","Independent Property","UPDATE","ACTIVE","2021-10-05"
"Dhenkanal","15","PT-DKN-568444",NULL,"PT-AC-DKN-2021-10-18-568454","Independent Property","Independent Property","CREATE","INWORKFLOW","2021-10-18"
"Kendrapara","14","PT-KND-568446",NULL,"PT-AC-KND-2021-11-01-568458","Independent Property","Non Residentials Commercial","CREATE","INWORKFLOW","2021-11-01"
"Cuttack","01","PT-CTC-568447",NULL,"PT-AC-CTC-2021-11-05-568460","Independent Property","Independent Property","CREATE","INWORKFLOW","2021-11-05"
"Puri","05","PT-PRI-568449",NULL,"PT-AC-PRI-2021-11-06-568465","Independent Property","Independent Property","CREATE","INWORKFLOW","2021-11-06"
"Jatni","18","PT-JTN-568450",NULL,"PT-AC-JTN-2021-11-07-568467","Shared Property","Independent Property","CREATE","ACTIVE","2021-11-07"
"Jatni","02","PT-JTN-568451",NULL,"PT-AC-JTN-2021-11-07-568468","Shared Property","Independent Property","CREATE","INACTIVE","2021-11-07"
"Jatni","02","PT-JTN-568451",NULL,"PT-AC-JTN-2021-11-07-568469","Shared Property","Independent Property","UPDATE","INACTIVE","2021-11-07"
"Jatni","02","PT-JTN-568451",NULL,"PT-AC-JTN-2021-11-07-568470","Shared Property","Independent Property","UPDATE","ACTIVE","2021-11-07"
"Dhenkanal","10","PT-DKN-568452",NULL,"PT-AC-DKN-2021-11-09-568472","Independent Property","Non Residentials Commercial","CREATE","ACTIVE","2021-11-09"
"Pattamundai","17","PT-PTM-568453",NULL,"PT-AC-PTM-2021-11-09-568473","Independent Property","Mixed","CREATE","ACTIVE","2021-11-09"
"Cuttack","02","PT-CTC-568454",NULL,"PT-AC-CTC-2021-11-10-568474","Independent Property","Non Residentials Commercial","CREATE","INWORKFLOW","2021-11-10"
"Kodala","01","PT-KDL-568457",NULL,"PT-AC-KDL-2021-11-10-568477","Shared Property","Independent Property","CREATE","ACTIVE","2021-11-10"
"Kodala","01","PT-KDL-568458",NULL,"PT-AC-KDL-2021-11-11-568478","Shared Property","Independent Property","CREATE","ACTIVE","2021-11-11"
"Kodala","01","PT-KDL-568459",NULL,"PT-AC-KDL-2021-11-11-568479","Shared Property","Independent Property","CREATE","INACTIVE","2021-11-11"
"Cuttack","27","PT-CTC-568461",NULL,"PT-AC-CTC-2021-11-12-568481","Shared Property","Independent Property","CREATE","INWORKFLOW","2021-11-12"
"Dhenkanal","04","PT-DKN-568462",NULL,"PT-AC-DKN-2021-11-15-568482","Independent Property","Independent Property","CREATE","ACTIVE","2021-11-15"
"Kodala","01","PT-KDL-568464",NULL,"PT-AC-KDL-2021-11-16-568485","Shared Property","Independent Property","CREATE","INACTIVE","2021-11-16"
"Kodala","12","PT-KDL-568465",NULL,"PT-AC-KDL-2021-11-16-568488","Shared Property","Independent Property","CREATE","ACTIVE","2021-11-16"
"Kodala","12","PT-KDL-568466",NULL,"PT-AC-KDL-2021-11-16-568489","Shared Property","Independent Property","CREATE","ACTIVE","2021-11-16"
"Kodala","12","PT-KDL-568467",NULL,"PT-AC-KDL-2021-11-16-568491","Shared Property","Independent Property","CREATE","ACTIVE","2021-11-16"
"Kodala","12","PT-KDL-568468",NULL,"PT-AC-KDL-2021-11-16-568492","Shared Property","Independent Property","CREATE","ACTIVE","2021-11-16"
"Kodala","12","PT-KDL-568469",NULL,"PT-AC-KDL-2021-11-16-568493","Shared Property","Independent Property","CREATE","ACTIVE","2021-11-16"
"Kodala","12","PT-KDL-568470",NULL,"PT-AC-KDL-2021-11-16-568494","Shared Property","Independent Property","CREATE","ACTIVE","2021-11-16"
"Kodala","12","PT-KDL-568471",NULL,"PT-AC-KDL-2021-11-16-568495","Shared Property","Independent Property","CREATE","ACTIVE","2021-11-16"
"Kodala","12","PT-KDL-568473",NULL,"PT-AC-KDL-2021-11-17-568497","Shared Property","Independent Property","CREATE","ACTIVE","2021-11-17"
"Kodala","12","PT-KDL-568474",NULL,"PT-AC-KDL-2021-11-17-568498","Shared Property","Independent Property","CREATE","ACTIVE","2021-11-17"
"Kodala","12","PT-KDL-568475",NULL,"PT-AC-KDL-2021-11-17-568499","Shared Property","Non Residentials Commercial","CREATE","ACTIVE","2021-11-17"
"Kodala","12","PT-KDL-568476",NULL,"PT-AC-KDL-2021-11-17-568500","Shared Property","Independent Property","CREATE","ACTIVE","2021-11-17"
"Kodala","12","PT-KDL-568477",NULL,"PT-AC-KDL-2021-11-17-568501","Shared Property","Independent Property","CREATE","ACTIVE","2021-11-17"
"Kodala","12","PT-KDL-568478",NULL,"PT-AC-KDL-2021-11-17-568502","Shared Property","Independent Property","CREATE","ACTIVE","2021-11-17"
"Kodala","12","PT-KDL-568479",NULL,"PT-AC-KDL-2021-11-17-568503","Shared Property","Independent Property","CREATE","ACTIVE","2021-11-17"
"Kodala","12","PT-KDL-568480",NULL,"PT-AC-KDL-2021-11-17-568504","Shared Property","Independent Property","CREATE","ACTIVE","2021-11-17"
"Kodala","12","PT-KDL-568481",NULL,"PT-AC-KDL-2021-11-17-568505","Shared Property","Independent Property","CREATE","ACTIVE","2021-11-17"
"Kodala","12","PT-KDL-568482",NULL,"PT-AC-KDL-2021-11-17-568506","Shared Property","Independent Property","CREATE","ACTIVE","2021-11-17"
"Kodala","12","PT-KDL-568483",NULL,"PT-AC-KDL-2021-11-17-568507","Shared Property","Independent Property","CREATE","ACTIVE","2021-11-17"
"Kodala","12","PT-KDL-568484",NULL,"PT-AC-KDL-2021-11-17-568508","Shared Property","Independent Property","CREATE","ACTIVE","2021-11-17"
"Kodala","12","PT-KDL-568485",NULL,"PT-AC-KDL-2021-11-17-568509","Shared Property","Independent Property","CREATE","ACTIVE","2021-11-17"
"Kodala","12","PT-KDL-568486",NULL,"PT-AC-KDL-2021-11-17-568510","Shared Property","Independent Property","CREATE","ACTIVE","2021-11-17"
"Kodala","12","PT-KDL-568487",NULL,"PT-AC-KDL-2021-11-17-568511","Shared Property","Independent Property","CREATE","ACTIVE","2021-11-17"
"Kodala","12","PT-KDL-568488",NULL,"PT-AC-KDL-2021-11-17-568512","Shared Property","Independent Property","CREATE","ACTIVE","2021-11-17"
"Kodala","12","PT-KDL-568489",NULL,"PT-AC-KDL-2021-11-17-568513","Shared Property","Independent Property","CREATE","ACTIVE","2021-11-17"
"Kodala","12","PT-KDL-568490",NULL,"PT-AC-KDL-2021-11-17-568514","Shared Property","Independent Property","CREATE","ACTIVE","2021-11-17"
"Kodala","12","PT-KDL-568491",NULL,"PT-AC-KDL-2021-11-17-568515","Shared Property","Independent Property","CREATE","ACTIVE","2021-11-17"
"Kodala","12","PT-KDL-568492",NULL,"PT-AC-KDL-2021-11-17-568516","Shared Property","Independent Property","CREATE","ACTIVE","2021-11-17"
"Kodala","12","PT-KDL-568493",NULL,"PT-AC-KDL-2021-11-17-568517","Shared Property","Independent Property","CREATE","ACTIVE","2021-11-17"
"Kodala","12","PT-KDL-568494",NULL,"PT-AC-KDL-2021-11-18-568518","Shared Property","Independent Property","CREATE","ACTIVE","2021-11-18"
"Kodala","12","PT-KDL-568495",NULL,"PT-AC-KDL-2021-11-18-568519","Shared Property","Independent Property","CREATE","ACTIVE","2021-11-18"
"Kodala","12","PT-KDL-568496",NULL,"PT-AC-KDL-2021-11-18-568520","Shared Property","Independent Property","CREATE","ACTIVE","2021-11-18"
"Kodala","12","PT-KDL-568497",NULL,"PT-AC-KDL-2021-11-18-568521","Shared Property","Independent Property","CREATE","ACTIVE","2021-11-18"
"Kodala","12","PT-KDL-568498",NULL,"PT-AC-KDL-2021-11-18-568522","Shared Property","Independent Property","CREATE","ACTIVE","2021-11-18"
"Kodala","12","PT-KDL-568499",NULL,"PT-AC-KDL-2021-11-18-568523","Shared Property","Independent Property","CREATE","ACTIVE","2021-11-18"
"Kodala","12","PT-KDL-568500",NULL,"PT-AC-KDL-2021-11-18-568524","Shared Property","Independent Property","CREATE","ACTIVE","2021-11-18"
"Kodala","12","PT-KDL-568501",NULL,"PT-AC-KDL-2021-11-18-568525","Shared Property","Independent Property","CREATE","ACTIVE","2021-11-18"
"Kodala","12","PT-KDL-568502",NULL,"PT-AC-KDL-2021-11-18-568526","Shared Property","Independent Property","CREATE","ACTIVE","2021-11-18"
"Kodala","12","PT-KDL-568503",NULL,"PT-AC-KDL-2021-11-18-568527","Shared Property","Independent Property","CREATE","ACTIVE","2021-11-18"
"Kodala","12","PT-KDL-568504",NULL,"PT-AC-KDL-2021-11-18-568528","Shared Property","Independent Property","CREATE","ACTIVE","2021-11-18"
"Kodala","02","PT-KDL-568505",NULL,"PT-AC-KDL-2021-11-20-568529","Shared Property","Independent Property","CREATE","ACTIVE","2021-11-20"
"Kodala","02","PT-KDL-568506",NULL,"PT-AC-KDL-2021-11-20-568530","Shared Property","Independent Property","CREATE","ACTIVE","2021-11-20"
"Kodala","02","PT-KDL-568507",NULL,"PT-AC-KDL-2021-11-20-568531","Shared Property","Independent Property","CREATE","ACTIVE","2021-11-20"
"Kodala","02","PT-KDL-568508",NULL,"PT-AC-KDL-2021-11-20-568532","Shared Property","Independent Property","CREATE","ACTIVE","2021-11-20"
"Kodala","02","PT-KDL-568509",NULL,"PT-AC-KDL-2021-11-20-568533","Shared Property","Independent Property","CREATE","ACTIVE","2021-11-20"
"Kodala","02","PT-KDL-568510",NULL,"PT-AC-KDL-2021-11-20-568534","Shared Property","Independent Property","CREATE","ACTIVE","2021-11-20"
"Kodala","02","PT-KDL-568511",NULL,"PT-AC-KDL-2021-11-20-568535","Shared Property","Independent Property","CREATE","ACTIVE","2021-11-20"
"Kodala","02","PT-KDL-568512",NULL,"PT-AC-KDL-2021-11-20-568536","Shared Property","Independent Property","CREATE","ACTIVE","2021-11-20"
"Kodala","02","PT-KDL-568513",NULL,"PT-AC-KDL-2021-11-20-568537","Shared Property","Independent Property","CREATE","ACTIVE","2021-11-20"
"Kodala","02","PT-KDL-568514",NULL,"PT-AC-KDL-2021-11-20-568538","Shared Property","Independent Property","CREATE","ACTIVE","2021-11-20"
"Kodala","02","PT-KDL-568515",NULL,"PT-AC-KDL-2021-11-20-568539","Shared Property","Independent Property","CREATE","ACTIVE","2021-11-20"
"Kodala","02","PT-KDL-568516",NULL,"PT-AC-KDL-2021-11-20-568540","Shared Property","Independent Property","CREATE","ACTIVE","2021-11-20"
"Kodala","02","PT-KDL-568517",NULL,"PT-AC-KDL-2021-11-20-568541","Shared Property","Independent Property","CREATE","ACTIVE","2021-11-20"
"Kodala","02","PT-KDL-568518",NULL,"PT-AC-KDL-2021-11-20-568542","Shared Property","Independent Property","CREATE","ACTIVE","2021-11-20"
"Kodala","02","PT-KDL-568519",NULL,"PT-AC-KDL-2021-11-20-568543","Shared Property","Independent Property","CREATE","ACTIVE","2021-11-20"
"Kodala","02","PT-KDL-568520",NULL,"PT-AC-KDL-2021-11-20-568544","Shared Property","Independent Property","CREATE","ACTIVE","2021-11-20"
"Kodala","02","PT-KDL-568521",NULL,"PT-AC-KDL-2021-11-20-568545","Shared Property","Independent Property","CREATE","ACTIVE","2021-11-20"
"Kodala","02","PT-KDL-568522",NULL,"PT-AC-KDL-2021-11-20-568546","Shared Property","Independent Property","CREATE","ACTIVE","2021-11-20"
"Kodala","02","PT-KDL-568523",NULL,"PT-AC-KDL-2021-11-20-568547","Vacant Land","Independent Property","CREATE","ACTIVE","2021-11-20"
"Kodala","02","PT-KDL-568524",NULL,"PT-AC-KDL-2021-11-20-568548","Shared Property","Independent Property","CREATE","ACTIVE","2021-11-20"
"Kodala","02","PT-KDL-568525",NULL,"PT-AC-KDL-2021-11-20-568549","Shared Property","Independent Property","CREATE","ACTIVE","2021-11-20"
"Kodala","02","PT-KDL-568526",NULL,"PT-AC-KDL-2021-11-20-568550","Shared Property","Independent Property","CREATE","ACTIVE","2021-11-20"
"Kodala","02","PT-KDL-568527",NULL,"PT-AC-KDL-2021-11-20-568551","Shared Property","Independent Property","CREATE","ACTIVE","2021-11-20"
"Kodala","02","PT-KDL-568528",NULL,"PT-AC-KDL-2021-11-20-568552","Shared Property","Independent Property","CREATE","ACTIVE","2021-11-20"
"Kodala","02","PT-KDL-568529",NULL,"PT-AC-KDL-2021-11-20-568553","Shared Property","Independent Property","CREATE","ACTIVE","2021-11-20"
"Kodala","02","PT-KDL-568530",NULL,"PT-AC-KDL-2021-11-20-568554","Shared Property","Independent Property","CREATE","ACTIVE","2021-11-20"
"Kodala","02","PT-KDL-568531",NULL,"PT-AC-KDL-2021-11-20-568555","Shared Property","Independent Property","CREATE","ACTIVE","2021-11-20"
"Kodala","02","PT-KDL-568532",NULL,"PT-AC-KDL-2021-11-20-568556","Shared Property","Independent Property","CREATE","ACTIVE","2021-11-20"
"Kodala","02","PT-KDL-568533",NULL,"PT-AC-KDL-2021-11-20-568557","Shared Property","Independent Property","CREATE","ACTIVE","2021-11-20"
"Kodala","02","PT-KDL-568534",NULL,"PT-AC-KDL-2021-11-20-568558","Shared Property","Independent Property","CREATE","ACTIVE","2021-11-20"
"Kodala","02","PT-KDL-568535",NULL,"PT-AC-KDL-2021-11-20-568559","Shared Property","Independent Property","CREATE","ACTIVE","2021-11-20"
"Kodala","02","PT-KDL-568536",NULL,"PT-AC-KDL-2021-11-20-568560","Shared Property","Independent Property","CREATE","ACTIVE","2021-11-20"
"Kodala","02","PT-KDL-568537",NULL,"PT-AC-KDL-2021-11-20-568561","Shared Property","Independent Property","CREATE","ACTIVE","2021-11-20"
"Kodala","02","PT-KDL-568538",NULL,"PT-AC-KDL-2021-11-20-568563","Shared Property","Independent Property","CREATE","ACTIVE","2021-11-20"
"Kodala","02","PT-KDL-568539",NULL,"PT-AC-KDL-2021-11-20-568564","Shared Property","Independent Property","CREATE","ACTIVE","2021-11-20"
"Kodala","02","PT-KDL-568540",NULL,"PT-AC-KDL-2021-11-20-568565","Shared Property","Independent Property","CREATE","ACTIVE","2021-11-20"
"Kodala","02","PT-KDL-568541",NULL,"PT-AC-KDL-2021-11-20-568566","Shared Property","Independent Property","CREATE","ACTIVE","2021-11-20"
"Kodala","02","PT-KDL-568542",NULL,"PT-AC-KDL-2021-11-20-568567","Shared Property","Independent Property","CREATE","ACTIVE","2021-11-20"
"Kodala","02","PT-KDL-568543",NULL,"PT-AC-KDL-2021-11-22-568568","Shared Property","Independent Property","CREATE","ACTIVE","2021-11-22"
"Kodala","02","PT-KDL-568544",NULL,"PT-AC-KDL-2021-11-22-568569","Shared Property","Independent Property","CREATE","ACTIVE","2021-11-22"
"Kodala","02","PT-KDL-568545",NULL,"PT-AC-KDL-2021-11-22-568570","Shared Property","Independent Property","CREATE","ACTIVE","2021-11-22"
"Kodala","02","PT-KDL-568546",NULL,"PT-AC-KDL-2021-11-22-568571","Shared Property","Independent Property","CREATE","ACTIVE","2021-11-22"
"Kodala","02","PT-KDL-568547",NULL,"PT-AC-KDL-2021-11-22-568572","Shared Property","Independent Property","CREATE","ACTIVE","2021-11-22"
"Kodala","02","PT-KDL-568548",NULL,"PT-AC-KDL-2021-11-22-568573","Shared Property","Independent Property","CREATE","ACTIVE","2021-11-22"
"Kodala","02","PT-KDL-568549",NULL,"PT-AC-KDL-2021-11-22-568574","Shared Property","Independent Property","CREATE","ACTIVE","2021-11-22"
"Kodala","01","PT-KDL-568550",NULL,"PT-AC-KDL-2021-11-22-568575","Shared Property","Independent Property","CREATE","ACTIVE","2021-11-22"
"Kodala","02","PT-KDL-568551",NULL,"PT-AC-KDL-2021-11-22-568576","Shared Property","Independent Property","CREATE","ACTIVE","2021-11-22"
"Kodala","02","PT-KDL-568552",NULL,"PT-AC-KDL-2021-11-22-568577","Shared Property","Independent Property","CREATE","ACTIVE","2021-11-22"
"Kodala","01","PT-KDL-568553",NULL,"PT-AC-KDL-2021-11-22-568578","Shared Property","Independent Property","CREATE","ACTIVE","2021-11-22"
"Kodala","02","PT-KDL-568554",NULL,"PT-AC-KDL-2021-11-22-568579","Shared Property","Independent Property","CREATE","ACTIVE","2021-11-22"
"Kodala","02","PT-KDL-568555",NULL,"PT-AC-KDL-2021-11-22-568580","Shared Property","Independent Property","CREATE","ACTIVE","2021-11-22"
"Kodala","02","PT-KDL-568556",NULL,"PT-AC-KDL-2021-11-22-568581","Shared Property","Independent Property","CREATE","ACTIVE","2021-11-22"
"Kodala","02","PT-KDL-568557",NULL,"PT-AC-KDL-2021-11-22-568582","Shared Property","Independent Property","CREATE","ACTIVE","2021-11-22"
"Kodala","02","PT-KDL-568558",NULL,"PT-AC-KDL-2021-11-22-568583","Shared Property","Independent Property","CREATE","ACTIVE","2021-11-22"
"Kodala","02","PT-KDL-568559",NULL,"PT-AC-KDL-2021-11-22-568584","Shared Property","Independent Property","CREATE","ACTIVE","2021-11-22"
"Chatrapur","02","PT-CHH-568560",NULL,"PT-AC-CHH-2021-11-22-568585","Shared Property","Independent Property","CREATE","ACTIVE","2021-11-22"
"Kodala","02","PT-KDL-568561",NULL,"PT-AC-KDL-2021-11-22-568586","Shared Property","Independent Property","CREATE","ACTIVE","2021-11-22"
"Kodala","02","PT-KDL-568562",NULL,"PT-AC-KDL-2021-11-22-568587","Shared Property","Independent Property","CREATE","ACTIVE","2021-11-22"
"Kodala","02","PT-KDL-568563",NULL,"PT-AC-KDL-2021-11-22-568588","Shared Property","Independent Property","CREATE","ACTIVE","2021-11-22"
"Kodala","02","PT-KDL-568564",NULL,"PT-AC-KDL-2021-11-22-568589","Shared Property","Independent Property","CREATE","ACTIVE","2021-11-22"
"Kodala","02","PT-KDL-568565",NULL,"PT-AC-KDL-2021-11-22-568590","Shared Property","Independent Property","CREATE","ACTIVE","2021-11-22"
"Kodala","02","PT-KDL-568566",NULL,"PT-AC-KDL-2021-11-22-568591","Shared Property","Independent Property","CREATE","ACTIVE","2021-11-22"
"Kodala","02","PT-KDL-568567",NULL,"PT-AC-KDL-2021-11-22-568592","Shared Property","Independent Property","CREATE","ACTIVE","2021-11-22"
"Kodala","02","PT-KDL-568568",NULL,"PT-AC-KDL-2021-11-22-568593","Shared Property","Independent Property","CREATE","ACTIVE","2021-11-22"
"Kodala","02","PT-KDL-568569",NULL,"PT-AC-KDL-2021-11-22-568594","Shared Property","Independent Property","CREATE","ACTIVE","2021-11-22"
"Kodala","02","PT-KDL-568570",NULL,"PT-AC-KDL-2021-11-22-568595","Shared Property","Independent Property","CREATE","ACTIVE","2021-11-22"
"Kodala","02","PT-KDL-568571",NULL,"PT-AC-KDL-2021-11-22-568596","Shared Property","Independent Property","CREATE","ACTIVE","2021-11-22"
"Kodala","02","PT-KDL-568572",NULL,"PT-AC-KDL-2021-11-22-568597","Shared Property","Independent Property","CREATE","ACTIVE","2021-11-22"
"Kodala","02","PT-KDL-568573",NULL,"PT-AC-KDL-2021-11-22-568598","Shared Property","Independent Property","CREATE","ACTIVE","2021-11-22"
"Kodala","02","PT-KDL-568574",NULL,"PT-AC-KDL-2021-11-22-568599","Shared Property","Independent Property","CREATE","ACTIVE","2021-11-22"
"Kodala","02","PT-KDL-568575",NULL,"PT-AC-KDL-2021-11-22-568600","Shared Property","Independent Property","CREATE","ACTIVE","2021-11-22"
"Kodala","02","PT-KDL-568576",NULL,"PT-AC-KDL-2021-11-22-568601","Shared Property","Independent Property","CREATE","ACTIVE","2021-11-22"
"Kodala","02","PT-KDL-568577",NULL,"PT-AC-KDL-2021-11-22-568602","Shared Property","Independent Property","CREATE","ACTIVE","2021-11-22"
"Kodala","02","PT-KDL-568578",NULL,"PT-AC-KDL-2021-11-22-568603","Shared Property","Independent Property","CREATE","ACTIVE","2021-11-22"
"Kodala","02","PT-KDL-568579",NULL,"PT-AC-KDL-2021-11-22-568604","Shared Property","Independent Property","CREATE","ACTIVE","2021-11-22"
"Kodala","02","PT-KDL-568580",NULL,"PT-AC-KDL-2021-11-22-568605","Shared Property","Independent Property","CREATE","ACTIVE","2021-11-22"
"Kodala","02","PT-KDL-568581",NULL,"PT-AC-KDL-2021-11-22-568606","Shared Property","Independent Property","CREATE","ACTIVE","2021-11-22"
"Kodala","02","PT-KDL-568582",NULL,"PT-AC-KDL-2021-11-22-568607","Shared Property","Independent Property","CREATE","ACTIVE","2021-11-22"
"Kodala","02","PT-KDL-568583",NULL,"PT-AC-KDL-2021-11-22-568608","Shared Property","Independent Property","CREATE","ACTIVE","2021-11-22"
"Kodala","02","PT-KDL-568584",NULL,"PT-AC-KDL-2021-11-22-568609","Shared Property","Independent Property","CREATE","ACTIVE","2021-11-22"
"Kodala","02","PT-KDL-568585",NULL,"PT-AC-KDL-2021-11-22-568610","Shared Property","Independent Property","CREATE","ACTIVE","2021-11-22"
"Kodala","02","PT-KDL-568586",NULL,"PT-AC-KDL-2021-11-22-568611","Shared Property","Independent Property","CREATE","ACTIVE","2021-11-22"
"Kodala","02","PT-KDL-568587",NULL,"PT-AC-KDL-2021-11-22-568612","Shared Property","Independent Property","CREATE","ACTIVE","2021-11-22"
"Kodala","02","PT-KDL-568588",NULL,"PT-AC-KDL-2021-11-23-568613","Shared Property","Independent Property","CREATE","ACTIVE","2021-11-23"
"Kodala","02","PT-KDL-568589",NULL,"PT-AC-KDL-2021-11-23-568614","Shared Property","Independent Property","CREATE","ACTIVE","2021-11-23"
"Kodala","02","PT-KDL-568590",NULL,"PT-AC-KDL-2021-11-24-568615","Shared Property","Independent Property","CREATE","ACTIVE","2021-11-24"
"Kodala","02","PT-KDL-568591",NULL,"PT-AC-KDL-2021-11-24-568616","Shared Property","Independent Property","CREATE","ACTIVE","2021-11-24"
"Kodala","02","PT-KDL-568592",NULL,"PT-AC-KDL-2021-11-24-568617","Shared Property","Independent Property","CREATE","ACTIVE","2021-11-24"
"Kodala","02","PT-KDL-568593",NULL,"PT-AC-KDL-2021-11-24-568618","Shared Property","Independent Property","CREATE","ACTIVE","2021-11-24"
"Kodala","02","PT-KDL-568594",NULL,"PT-AC-KDL-2021-11-24-568619","Shared Property","Independent Property","CREATE","ACTIVE","2021-11-24"
"Kodala","02","PT-KDL-568595",NULL,"PT-AC-KDL-2021-11-24-568620","Shared Property","Independent Property","CREATE","ACTIVE","2021-11-24"
"Kodala","02","PT-KDL-568596",NULL,"PT-AC-KDL-2021-11-24-568621","Shared Property","Independent Property","CREATE","ACTIVE","2021-11-24"
"Kodala","02","PT-KDL-568597",NULL,"PT-AC-KDL-2021-11-24-568622","Shared Property","Independent Property","CREATE","ACTIVE","2021-11-24"
"Kodala","02","PT-KDL-568598",NULL,"PT-AC-KDL-2021-11-24-568623","Shared Property","Independent Property","CREATE","ACTIVE","2021-11-24"
"Kodala","02","PT-KDL-568599",NULL,"PT-AC-KDL-2021-11-24-568624","Shared Property","Independent Property","CREATE","ACTIVE","2021-11-24"
"Kodala","02","PT-KDL-568600",NULL,"PT-AC-KDL-2021-11-24-568625","Shared Property","Independent Property","CREATE","ACTIVE","2021-11-24"
"Kodala","02","PT-KDL-568601",NULL,"PT-AC-KDL-2021-11-24-568626","Shared Property","Independent Property","CREATE","ACTIVE","2021-11-24"
"Kodala","02","PT-KDL-568602",NULL,"PT-AC-KDL-2021-11-24-568627","Shared Property","Independent Property","CREATE","ACTIVE","2021-11-24"
"Kodala","02","PT-KDL-568603",NULL,"PT-AC-KDL-2021-11-24-568628","Shared Property","Independent Property","CREATE","ACTIVE","2021-11-24"
"Kodala","02","PT-KDL-568604",NULL,"PT-AC-KDL-2021-11-24-568629","Shared Property","Independent Property","CREATE","ACTIVE","2021-11-24"
"Kodala","02","PT-KDL-568605",NULL,"PT-AC-KDL-2021-11-24-568630","Shared Property","Independent Property","CREATE","ACTIVE","2021-11-24"
"Kodala","02","PT-KDL-568606",NULL,"PT-AC-KDL-2021-11-24-568631","Shared Property","Independent Property","CREATE","ACTIVE","2021-11-24"
"Kodala","02","PT-KDL-568607",NULL,"PT-AC-KDL-2021-11-24-568632","Shared Property","Independent Property","CREATE","ACTIVE","2021-11-24"
"Kodala","02","PT-KDL-568608",NULL,"PT-AC-KDL-2021-11-24-568633","Shared Property","Independent Property","CREATE","ACTIVE","2021-11-24"
"Kodala","02","PT-KDL-568609",NULL,"PT-AC-KDL-2021-11-24-568634","Shared Property","Independent Property","CREATE","ACTIVE","2021-11-24"
"Kodala","02","PT-KDL-568610",NULL,"PT-AC-KDL-2021-11-24-568635","Shared Property","Independent Property","CREATE","ACTIVE","2021-11-24"
"Kodala","02","PT-KDL-568611",NULL,"PT-AC-KDL-2021-11-24-568636","Shared Property","Independent Property","CREATE","ACTIVE","2021-11-24"
"Kodala","02","PT-KDL-568612",NULL,"PT-AC-KDL-2021-11-24-568637","Shared Property","Independent Property","CREATE","ACTIVE","2021-11-24"
"Kodala","02","PT-KDL-568613",NULL,"PT-AC-KDL-2021-11-24-568638","Shared Property","Independent Property","CREATE","ACTIVE","2021-11-24"
"Kodala","02","PT-KDL-568614",NULL,"PT-AC-KDL-2021-11-24-568639","Shared Property","Independent Property","CREATE","ACTIVE","2021-11-24"
"Kodala","02","PT-KDL-568615",NULL,"PT-AC-KDL-2021-11-24-568640","Shared Property","Independent Property","CREATE","ACTIVE","2021-11-24"
"Kodala","02","PT-KDL-568616",NULL,"PT-AC-KDL-2021-11-24-568641","Shared Property","Independent Property","CREATE","ACTIVE","2021-11-24"
"Kodala","02","PT-KDL-568617",NULL,"PT-AC-KDL-2021-11-24-568642","Shared Property","Independent Property","CREATE","ACTIVE","2021-11-24"
"Chatrapur","02","PT-CHH-568618",NULL,"PT-AC-CHH-2021-11-24-568643","Independent Property","Mixed","CREATE","ACTIVE","2021-11-24"
"Kodala","02","PT-KDL-568619",NULL,"PT-AC-KDL-2021-11-24-568644","Shared Property","Independent Property","CREATE","ACTIVE","2021-11-24"
"Kodala","02","PT-KDL-568620",NULL,"PT-AC-KDL-2021-11-24-568645","Shared Property","Independent Property","CREATE","ACTIVE","2021-11-24"
"Kodala","02","PT-KDL-568621",NULL,"PT-AC-KDL-2021-11-24-568646","Shared Property","Independent Property","CREATE","ACTIVE","2021-11-24"
"Kodala","02","PT-KDL-568622",NULL,"PT-AC-KDL-2021-11-24-568647","Shared Property","Independent Property","CREATE","ACTIVE","2021-11-24"
"Kodala","02","PT-KDL-568623",NULL,"PT-AC-KDL-2021-11-24-568648","Shared Property","Independent Property","CREATE","ACTIVE","2021-11-24"
"Kodala","02","PT-KDL-568624",NULL,"PT-AC-KDL-2021-11-24-568649","Shared Property","Independent Property","CREATE","ACTIVE","2021-11-24"
"Kodala","02","PT-KDL-568625",NULL,"PT-AC-KDL-2021-11-24-568650","Shared Property","Independent Property","CREATE","ACTIVE","2021-11-24"
"Kodala","02","PT-KDL-568626",NULL,"PT-AC-KDL-2021-11-24-568651","Shared Property","Independent Property","CREATE","ACTIVE","2021-11-24"
"Kodala","02","PT-KDL-568627",NULL,"PT-AC-KDL-2021-11-24-568652","Shared Property","Independent Property","CREATE","ACTIVE","2021-11-24"
"Athmallik","10","PT-ATM-568628",NULL,"PT-AC-ATM-2021-11-24-568653","Independent Property","Independent Property","CREATE","ACTIVE","2021-11-24"
"Athmallik","10","PT-ATM-568629",NULL,"PT-AC-ATM-2021-11-24-568654","Independent Property","Independent Property","CREATE","ACTIVE","2021-11-24"
"Athmallik","10","PT-ATM-568630",NULL,"PT-AC-ATM-2021-11-25-568655","Independent Property","Independent Property","CREATE","INWORKFLOW","2021-11-25"
"Kodala","02","PT-KDL-568631",NULL,"PT-AC-KDL-2021-11-25-568656","Shared Property","Independent Property","CREATE","ACTIVE","2021-11-25"
"Kodala","02","PT-KDL-568632",NULL,"PT-AC-KDL-2021-11-25-568657","Shared Property","Independent Property","CREATE","ACTIVE","2021-11-25"
"Kodala","02","PT-KDL-568633",NULL,"PT-AC-KDL-2021-11-25-568658","Shared Property","Independent Property","CREATE","ACTIVE","2021-11-25"
"Kodala","02","PT-KDL-568634",NULL,"PT-AC-KDL-2021-11-25-568659","Shared Property","Independent Property","CREATE","ACTIVE","2021-11-25"
"Kodala","02","PT-KDL-568635",NULL,"PT-AC-KDL-2021-11-25-568660","Shared Property","Independent Property","CREATE","ACTIVE","2021-11-25"
"Kodala","02","PT-KDL-568636",NULL,"PT-AC-KDL-2021-11-25-568661","Shared Property","Independent Property","CREATE","ACTIVE","2021-11-25"
"Kodala","02","PT-KDL-568637",NULL,"PT-AC-KDL-2021-11-25-568662","Shared Property","Independent Property","CREATE","ACTIVE","2021-11-25"
"Kodala","02","PT-KDL-568638",NULL,"PT-AC-KDL-2021-11-25-568663","Shared Property","Independent Property","CREATE","ACTIVE","2021-11-25"
"Kodala","02","PT-KDL-568639",NULL,"PT-AC-KDL-2021-11-25-568664","Shared Property","Independent Property","CREATE","ACTIVE","2021-11-25"
"Kodala","02","PT-KDL-568640",NULL,"PT-AC-KDL-2021-11-25-568665","Shared Property","Independent Property","CREATE","ACTIVE","2021-11-25"
"Kodala","02","PT-KDL-568641",NULL,"PT-AC-KDL-2021-11-25-568666","Shared Property","Independent Property","CREATE","ACTIVE","2021-11-25"
"Kodala","02","PT-KDL-568642",NULL,"PT-AC-KDL-2021-11-25-568667","Shared Property","Independent Property","CREATE","ACTIVE","2021-11-25"
"Kodala","02","PT-KDL-568643",NULL,"PT-AC-KDL-2021-11-25-568668","Shared Property","Independent Property","CREATE","ACTIVE","2021-11-25"
"Kodala","02","PT-KDL-568644",NULL,"PT-AC-KDL-2021-11-25-568669","Shared Property","Independent Property","CREATE","ACTIVE","2021-11-25"
"Kodala","02","PT-KDL-568645",NULL,"PT-AC-KDL-2021-11-25-568670","Shared Property","Independent Property","CREATE","ACTIVE","2021-11-25"
"Kodala","02","PT-KDL-568646",NULL,"PT-AC-KDL-2021-11-25-568671","Shared Property","Independent Property","CREATE","ACTIVE","2021-11-25"
"Kodala","02","PT-KDL-568647",NULL,"PT-AC-KDL-2021-11-25-568672","Shared Property","Independent Property","CREATE","ACTIVE","2021-11-25"
"Kodala","02","PT-KDL-568648",NULL,"PT-AC-KDL-2021-11-25-568673","Shared Property","Independent Property","CREATE","ACTIVE","2021-11-25"
"Kodala","02","PT-KDL-568649",NULL,"PT-AC-KDL-2021-11-25-568674","Shared Property","Independent Property","CREATE","ACTIVE","2021-11-25"
"Kodala","02","PT-KDL-568650",NULL,"PT-AC-KDL-2021-11-25-568675","Shared Property","Independent Property","CREATE","ACTIVE","2021-11-25"
"Kodala","02","PT-KDL-568651",NULL,"PT-AC-KDL-2021-11-25-568676","Shared Property","Independent Property","CREATE","ACTIVE","2021-11-25"
"Kodala","02","PT-KDL-568652",NULL,"PT-AC-KDL-2021-11-25-568677","Shared Property","Independent Property","CREATE","ACTIVE","2021-11-25"
"Kodala","02","PT-KDL-568653",NULL,"PT-AC-KDL-2021-11-25-568678","Shared Property","Independent Property","CREATE","ACTIVE","2021-11-25"
"Kodala","02","PT-KDL-568654",NULL,"PT-AC-KDL-2021-11-25-568679","Shared Property","Independent Property","CREATE","ACTIVE","2021-11-25"
"Kodala","02","PT-KDL-568655",NULL,"PT-AC-KDL-2021-11-25-568680","Shared Property","Independent Property","CREATE","ACTIVE","2021-11-25"
"Kodala","02","PT-KDL-568656",NULL,"PT-AC-KDL-2021-11-25-568681","Shared Property","Independent Property","CREATE","ACTIVE","2021-11-25"
"Kodala","02","PT-KDL-568657",NULL,"PT-AC-KDL-2021-11-26-568682","Shared Property","Independent Property","CREATE","ACTIVE","2021-11-26"
"Kodala","02","PT-KDL-568658",NULL,"PT-AC-KDL-2021-11-26-568683","Shared Property","Independent Property","CREATE","ACTIVE","2021-11-26"
"Kodala","02","PT-KDL-568659",NULL,"PT-AC-KDL-2021-11-26-568684","Shared Property","Independent Property","CREATE","ACTIVE","2021-11-26"
"Kodala","02","PT-KDL-568660",NULL,"PT-AC-KDL-2021-11-26-568685","Shared Property","Independent Property","CREATE","ACTIVE","2021-11-26"
"Kodala","02","PT-KDL-568661",NULL,"PT-AC-KDL-2021-11-26-568686","Shared Property","Independent Property","CREATE","ACTIVE","2021-11-26"
"Kodala","02","PT-KDL-568662",NULL,"PT-AC-KDL-2021-11-26-568687","Shared Property","Independent Property","CREATE","ACTIVE","2021-11-26"
"Kodala","02","PT-KDL-568663",NULL,"PT-AC-KDL-2021-11-26-568688","Shared Property","Independent Property","CREATE","ACTIVE","2021-11-26"
"Kodala","02","PT-KDL-568664",NULL,"PT-AC-KDL-2021-11-26-568689","Shared Property","Independent Property","CREATE","ACTIVE","2021-11-26"
"Kodala","02","PT-KDL-568665",NULL,"PT-AC-KDL-2021-11-26-568690","Shared Property","Independent Property","CREATE","ACTIVE","2021-11-26"
"Kodala","02","PT-KDL-568666",NULL,"PT-AC-KDL-2021-11-26-568691","Shared Property","Independent Property","CREATE","ACTIVE","2021-11-26"
"Kodala","02","PT-KDL-568667",NULL,"PT-AC-KDL-2021-11-26-568692","Shared Property","Independent Property","CREATE","ACTIVE","2021-11-26"
"Kodala","02","PT-KDL-568668",NULL,"PT-AC-KDL-2021-11-26-568693","Shared Property","Independent Property","CREATE","ACTIVE","2021-11-26"
"Kodala","02","PT-KDL-568669",NULL,"PT-AC-KDL-2021-11-26-568694","Shared Property","Independent Property","CREATE","ACTIVE","2021-11-26"
"Kodala","02","PT-KDL-568670",NULL,"PT-AC-KDL-2021-11-26-568695","Shared Property","Independent Property","CREATE","ACTIVE","2021-11-26"
"Kodala","02","PT-KDL-568671",NULL,"PT-AC-KDL-2021-11-26-568696","Shared Property","Independent Property","CREATE","ACTIVE","2021-11-26"
"Kodala","02","PT-KDL-568672",NULL,"PT-AC-KDL-2021-11-26-568697","Shared Property","Independent Property","CREATE","ACTIVE","2021-11-26"
"Kodala","02","PT-KDL-568673",NULL,"PT-AC-KDL-2021-11-26-568698","Shared Property","Independent Property","CREATE","ACTIVE","2021-11-26"
"Kodala","02","PT-KDL-568674",NULL,"PT-AC-KDL-2021-11-26-568699","Shared Property","Independent Property","CREATE","ACTIVE","2021-11-26"
"Kodala","02","PT-KDL-568675",NULL,"PT-AC-KDL-2021-11-26-568700","Shared Property","Independent Property","CREATE","ACTIVE","2021-11-26"
"Kodala","02","PT-KDL-568676",NULL,"PT-AC-KDL-2021-11-26-568701","Shared Property","Independent Property","CREATE","ACTIVE","2021-11-26"
"Kodala","02","PT-KDL-568677",NULL,"PT-AC-KDL-2021-11-26-568702","Shared Property","Independent Property","CREATE","ACTIVE","2021-11-26"
"Kodala","02","PT-KDL-568678",NULL,"PT-AC-KDL-2021-11-26-568703","Shared Property","Independent Property","CREATE","ACTIVE","2021-11-26"
"Kodala","02","PT-KDL-568679",NULL,"PT-AC-KDL-2021-11-26-568704","Shared Property","Independent Property","CREATE","ACTIVE","2021-11-26"
"Kodala","02","PT-KDL-568680",NULL,"PT-AC-KDL-2021-11-26-568705","Shared Property","Independent Property","CREATE","INWORKFLOW","2021-11-26"
"Kodala","02","PT-KDL-571587",NULL,"PT-AC-KDL-2021-11-29-571614","Shared Property","Independent Property","CREATE","ACTIVE","2021-11-29"
"Kodala","02","PT-KDL-571588",NULL,"PT-AC-KDL-2021-11-29-571615","Shared Property","Independent Property","CREATE","ACTIVE","2021-11-29"
"Kodala","02","PT-KDL-571589",NULL,"PT-AC-KDL-2021-11-29-571616","Shared Property","Independent Property","CREATE","ACTIVE","2021-11-29"
"Kodala","02","PT-KDL-571590",NULL,"PT-AC-KDL-2021-11-29-571617","Shared Property","Independent Property","CREATE","ACTIVE","2021-11-29"
"Kodala","02","PT-KDL-571591",NULL,"PT-AC-KDL-2021-11-29-571618","Shared Property","Independent Property","CREATE","ACTIVE","2021-11-29"
"Kodala","02","PT-KDL-571592",NULL,"PT-AC-KDL-2021-11-29-571619","Shared Property","Independent Property","CREATE","ACTIVE","2021-11-29"
"Kodala","02","PT-KDL-571593",NULL,"PT-AC-KDL-2021-11-29-571620","Shared Property","Independent Property","CREATE","ACTIVE","2021-11-29"
"Kodala","02","PT-KDL-571594",NULL,"PT-AC-KDL-2021-11-29-571621","Shared Property","Independent Property","CREATE","ACTIVE","2021-11-29"
"Kodala","02","PT-KDL-571595",NULL,"PT-AC-KDL-2021-11-29-571622","Shared Property","Independent Property","CREATE","ACTIVE","2021-11-29"
"Kodala","02","PT-KDL-571596",NULL,"PT-AC-KDL-2021-11-29-571623","Shared Property","Independent Property","CREATE","ACTIVE","2021-11-29"
"Kodala","02","PT-KDL-571597",NULL,"PT-AC-KDL-2021-11-29-571624","Shared Property","Independent Property","CREATE","ACTIVE","2021-11-29"
"Kodala","02","PT-KDL-571598",NULL,"PT-AC-KDL-2021-11-29-571625","Shared Property","Independent Property","CREATE","ACTIVE","2021-11-29"
"Kodala","02","PT-KDL-571599",NULL,"PT-AC-KDL-2021-11-29-571626","Shared Property","Independent Property","CREATE","ACTIVE","2021-11-29"
"Kodala","02","PT-KDL-571600",NULL,"PT-AC-KDL-2021-11-29-571627","Shared Property","Independent Property","CREATE","ACTIVE","2021-11-29"
"Kodala","02","PT-KDL-571601",NULL,"PT-AC-KDL-2021-11-29-571628","Shared Property","Independent Property","CREATE","ACTIVE","2021-11-29"
"Kodala","02","PT-KDL-571602",NULL,"PT-AC-KDL-2021-11-29-571629","Shared Property","Independent Property","CREATE","ACTIVE","2021-11-29"
"Kodala","02","PT-KDL-571603",NULL,"PT-AC-KDL-2021-11-29-571630","Shared Property","Independent Property","CREATE","ACTIVE","2021-11-29"
"Kodala","02","PT-KDL-571604",NULL,"PT-AC-KDL-2021-11-29-571631","Shared Property","Independent Property","CREATE","ACTIVE","2021-11-29"
"Kodala","02","PT-KDL-571605",NULL,"PT-AC-KDL-2021-11-29-571632","Shared Property","Independent Property","CREATE","ACTIVE","2021-11-29"
"Kodala","02","PT-KDL-571606",NULL,"PT-AC-KDL-2021-11-29-571633","Shared Property","Independent Property","CREATE","ACTIVE","2021-11-29"
"Kodala","02","PT-KDL-571607",NULL,"PT-AC-KDL-2021-11-29-571634","Shared Property","Independent Property","CREATE","ACTIVE","2021-11-29"
"Kodala","02","PT-KDL-571608",NULL,"PT-AC-KDL-2021-11-29-571635","Shared Property","Independent Property","CREATE","ACTIVE","2021-11-29"
"Kodala","02","PT-KDL-571609",NULL,"PT-AC-KDL-2021-11-29-571636","Shared Property","Independent Property","CREATE","ACTIVE","2021-11-29"
"Kodala","02","PT-KDL-571610",NULL,"PT-AC-KDL-2021-11-29-571637","Shared Property","Independent Property","CREATE","ACTIVE","2021-11-29"
"Kodala","02","PT-KDL-571611",NULL,"PT-AC-KDL-2021-11-29-571638","Shared Property","Independent Property","CREATE","ACTIVE","2021-11-29"
"Kodala","02","PT-KDL-571612",NULL,"PT-AC-KDL-2021-11-29-571639","Shared Property","Independent Property","CREATE","ACTIVE","2021-11-29"
"Kodala","02","PT-KDL-571613",NULL,"PT-AC-KDL-2021-11-29-571640","Shared Property","Independent Property","CREATE","ACTIVE","2021-11-29"
"Kodala","02","PT-KDL-571614",NULL,"PT-AC-KDL-2021-11-29-571641","Shared Property","Independent Property","CREATE","ACTIVE","2021-11-29"
"Kodala","02","PT-KDL-571615",NULL,"PT-AC-KDL-2021-11-29-571642","Shared Property","Independent Property","CREATE","ACTIVE","2021-11-29"
"Kodala","02","PT-KDL-571616",NULL,"PT-AC-KDL-2021-11-29-571643","Shared Property","Independent Property","CREATE","ACTIVE","2021-11-29"
"Kodala","02","PT-KDL-571617",NULL,"PT-AC-KDL-2021-11-29-571644","Shared Property","Independent Property","CREATE","ACTIVE","2021-11-29"
"Kodala","02","PT-KDL-571618",NULL,"PT-AC-KDL-2021-11-29-571645","Shared Property","Independent Property","CREATE","ACTIVE","2021-11-29"
"Kodala","02","PT-KDL-571619",NULL,"PT-AC-KDL-2021-11-29-571646","Shared Property","Independent Property","CREATE","ACTIVE","2021-11-29"
"Kodala","02","PT-KDL-571620",NULL,"PT-AC-KDL-2021-11-29-571647","Shared Property","Independent Property","CREATE","INWORKFLOW","2021-11-29"
"Kodala","02","PT-KDL-571621",NULL,"PT-AC-KDL-2021-11-29-571648","Shared Property","Independent Property","CREATE","ACTIVE","2021-11-29"
"Kodala","02","PT-KDL-571622",NULL,"PT-AC-KDL-2021-11-29-571649","Shared Property","Independent Property","CREATE","ACTIVE","2021-11-29"
"Kodala","02","PT-KDL-571623",NULL,"PT-AC-KDL-2021-11-29-571650","Shared Property","Independent Property","CREATE","ACTIVE","2021-11-29"
"Kodala","02","PT-KDL-571624",NULL,"PT-AC-KDL-2021-11-29-571651","Shared Property","Independent Property","CREATE","ACTIVE","2021-11-29"
"Kodala","02","PT-KDL-571625",NULL,"PT-AC-KDL-2021-11-29-571652","Shared Property","Independent Property","CREATE","ACTIVE","2021-11-29"
"Kodala","02","PT-KDL-571626",NULL,"PT-AC-KDL-2021-11-29-571653","Shared Property","Independent Property","CREATE","ACTIVE","2021-11-29"
"Kodala","02","PT-KDL-571627",NULL,"PT-AC-KDL-2021-11-29-571654","Shared Property","Independent Property","CREATE","ACTIVE","2021-11-29"
"Kodala","02","PT-KDL-571628",NULL,"PT-AC-KDL-2021-11-29-571655","Shared Property","Independent Property","CREATE","ACTIVE","2021-11-29"
"Kodala","02","PT-KDL-571629",NULL,"PT-AC-KDL-2021-11-29-571656","Shared Property","Independent Property","CREATE","ACTIVE","2021-11-29"
"Kodala","02","PT-KDL-571630",NULL,"PT-AC-KDL-2021-11-29-571657","Shared Property","Independent Property","CREATE","ACTIVE","2021-11-29"
"Kodala","02","PT-KDL-571631",NULL,"PT-AC-KDL-2021-11-29-571658","Shared Property","Independent Property","CREATE","ACTIVE","2021-11-29"
"Kodala","02","PT-KDL-571632",NULL,"PT-AC-KDL-2021-11-29-571659","Shared Property","Independent Property","CREATE","ACTIVE","2021-11-29"
"Kodala","02","PT-KDL-571633",NULL,"PT-AC-KDL-2021-11-29-571660","Shared Property","Independent Property","CREATE","ACTIVE","2021-11-29"
"Kodala","02","PT-KDL-571634",NULL,"PT-AC-KDL-2021-11-29-571661","Shared Property","Independent Property","CREATE","ACTIVE","2021-11-29"
"Kodala","02","PT-KDL-571635",NULL,"PT-AC-KDL-2021-11-29-571662","Shared Property","Independent Property","CREATE","ACTIVE","2021-11-29"
"Kodala","02","PT-KDL-571636",NULL,"PT-AC-KDL-2021-11-29-571663","Shared Property","Independent Property","CREATE","ACTIVE","2021-11-29"
"Kodala","02","PT-KDL-571637",NULL,"PT-AC-KDL-2021-11-29-571664","Shared Property","Independent Property","CREATE","ACTIVE","2021-11-29"
"Kodala","02","PT-KDL-571638",NULL,"PT-AC-KDL-2021-11-29-571665","Shared Property","Independent Property","CREATE","ACTIVE","2021-11-29"
"Kodala","02","PT-KDL-571639",NULL,"PT-AC-KDL-2021-11-29-571666","Shared Property","Independent Property","CREATE","ACTIVE","2021-11-29"
"Kodala","02","PT-KDL-571640",NULL,"PT-AC-KDL-2021-11-29-571667","Shared Property","Independent Property","CREATE","ACTIVE","2021-11-29"
"Kodala","02","PT-KDL-571641",NULL,"PT-AC-KDL-2021-11-29-571668","Shared Property","Independent Property","CREATE","ACTIVE","2021-11-29"
"Kodala","02","PT-KDL-571642",NULL,"PT-AC-KDL-2021-11-29-571669","Shared Property","Independent Property","CREATE","ACTIVE","2021-11-29"
"Kodala","02","PT-KDL-571643",NULL,"PT-AC-KDL-2021-11-29-571670","Shared Property","Independent Property","CREATE","ACTIVE","2021-11-29"
"Kodala","02","PT-KDL-571644",NULL,"PT-AC-KDL-2021-11-29-571671","Shared Property","Independent Property","CREATE","ACTIVE","2021-11-29"
"Kodala","02","PT-KDL-571645",NULL,"PT-AC-KDL-2021-11-29-571672","Shared Property","Independent Property","CREATE","ACTIVE","2021-11-29"
"Kodala","02","PT-KDL-571646",NULL,"PT-AC-KDL-2021-11-29-571673","Shared Property","Independent Property","CREATE","ACTIVE","2021-11-29"
"Kodala","02","PT-KDL-571647",NULL,"PT-AC-KDL-2021-11-30-571674","Shared Property","Independent Property","CREATE","ACTIVE","2021-11-30"
"Kodala","02","PT-KDL-571648",NULL,"PT-AC-KDL-2021-11-30-571675","Shared Property","Independent Property","CREATE","ACTIVE","2021-11-30"
"Kodala","02","PT-KDL-571649",NULL,"PT-AC-KDL-2021-11-30-571676","Shared Property","Independent Property","CREATE","ACTIVE","2021-11-30"
"Kodala","02","PT-KDL-571650",NULL,"PT-AC-KDL-2021-11-30-571677","Shared Property","Independent Property","CREATE","ACTIVE","2021-11-30"
"Kodala","02","PT-KDL-571651",NULL,"PT-AC-KDL-2021-11-30-571678","Shared Property","Independent Property","CREATE","ACTIVE","2021-11-30"
"Kodala","02","PT-KDL-571652",NULL,"PT-AC-KDL-2021-11-30-571679","Shared Property","Independent Property","CREATE","ACTIVE","2021-11-30"
"Kodala","02","PT-KDL-571653",NULL,"PT-AC-KDL-2021-11-30-571680","Shared Property","Independent Property","CREATE","ACTIVE","2021-11-30"
"Kodala","02","PT-KDL-571654",NULL,"PT-AC-KDL-2021-11-30-571681","Shared Property","Independent Property","CREATE","ACTIVE","2021-11-30"
"Kodala","02","PT-KDL-571655",NULL,"PT-AC-KDL-2021-11-30-571682","Shared Property","Independent Property","CREATE","ACTIVE","2021-11-30"
"Kodala","02","PT-KDL-571656",NULL,"PT-AC-KDL-2021-11-30-571683","Shared Property","Independent Property","CREATE","ACTIVE","2021-11-30"
"Kodala","02","PT-KDL-571657",NULL,"PT-AC-KDL-2021-11-30-571684","Shared Property","Independent Property","CREATE","ACTIVE","2021-11-30"
"Kodala","02","PT-KDL-571658",NULL,"PT-AC-KDL-2021-11-30-571685","Shared Property","Independent Property","CREATE","ACTIVE","2021-11-30"
"Kodala","02","PT-KDL-571659",NULL,"PT-AC-KDL-2021-11-30-571686","Shared Property","Independent Property","CREATE","ACTIVE","2021-11-30"
"Kodala","02","PT-KDL-571660",NULL,"PT-AC-KDL-2021-11-30-571687","Shared Property","Independent Property","CREATE","ACTIVE","2021-11-30"
"Kodala","02","PT-KDL-571661",NULL,"PT-AC-KDL-2021-11-30-571688","Shared Property","Independent Property","CREATE","ACTIVE","2021-11-30"
"Kodala","02","PT-KDL-571662",NULL,"PT-AC-KDL-2021-11-30-571689","Shared Property","Independent Property","CREATE","ACTIVE","2021-11-30"
"Kodala","02","PT-KDL-571663",NULL,"PT-AC-KDL-2021-11-30-571690","Shared Property","Independent Property","CREATE","ACTIVE","2021-11-30"
"Kodala","02","PT-KDL-571664",NULL,"PT-AC-KDL-2021-11-30-571691","Shared Property","Independent Property","CREATE","ACTIVE","2021-11-30"
"Kodala","02","PT-KDL-571665",NULL,"PT-AC-KDL-2021-11-30-571692","Shared Property","Independent Property","CREATE","ACTIVE","2021-11-30"
"Kodala","02","PT-KDL-571666",NULL,"PT-AC-KDL-2021-11-30-571693","Shared Property","Independent Property","CREATE","ACTIVE","2021-11-30"
"Kodala","02","PT-KDL-571667",NULL,"PT-AC-KDL-2021-11-30-571694","Shared Property","Independent Property","CREATE","ACTIVE","2021-11-30"
"Kodala","02","PT-KDL-571668",NULL,"PT-AC-KDL-2021-11-30-571695","Shared Property","Independent Property","CREATE","ACTIVE","2021-11-30"
"Kodala","02","PT-KDL-571669",NULL,"PT-AC-KDL-2021-11-30-571696","Shared Property","Independent Property","CREATE","ACTIVE","2021-11-30"
"Kodala","02","PT-KDL-571670",NULL,"PT-AC-KDL-2021-11-30-571697","Shared Property","Independent Property","CREATE","ACTIVE","2021-11-30"
"Kodala","02","PT-KDL-571671",NULL,"PT-AC-KDL-2021-11-30-571698","Shared Property","Independent Property","CREATE","ACTIVE","2021-11-30"
"Kodala","02","PT-KDL-571672",NULL,"PT-AC-KDL-2021-11-30-571699","Shared Property","Independent Property","CREATE","ACTIVE","2021-11-30"
"Kodala","02","PT-KDL-571673",NULL,"PT-AC-KDL-2021-11-30-571700","Shared Property","Independent Property","CREATE","ACTIVE","2021-11-30"
"Kodala","02","PT-KDL-571674",NULL,"PT-AC-KDL-2021-11-30-571701","Shared Property","Independent Property","CREATE","ACTIVE","2021-11-30"
"Kodala","02","PT-KDL-571675",NULL,"PT-AC-KDL-2021-11-30-571702","Shared Property","Independent Property","CREATE","ACTIVE","2021-11-30"
"Kodala","02","PT-KDL-571676",NULL,"PT-AC-KDL-2021-11-30-571703","Shared Property","Independent Property","CREATE","ACTIVE","2021-11-30"
"Kodala","02","PT-KDL-571677",NULL,"PT-AC-KDL-2021-11-30-571704","Shared Property","Independent Property","CREATE","ACTIVE","2021-11-30"
"Kodala","02","PT-KDL-571678",NULL,"PT-AC-KDL-2021-11-30-571705","Shared Property","Independent Property","CREATE","ACTIVE","2021-11-30"
"Kodala","02","PT-KDL-571679",NULL,"PT-AC-KDL-2021-11-30-571706","Shared Property","Independent Property","CREATE","ACTIVE","2021-11-30"
"Kodala","02","PT-KDL-571680",NULL,"PT-AC-KDL-2021-11-30-571707","Shared Property","Independent Property","CREATE","ACTIVE","2021-11-30"
"Kodala","02","PT-KDL-571681",NULL,"PT-AC-KDL-2021-11-30-571708","Shared Property","Independent Property","CREATE","ACTIVE","2021-11-30"
"Khandapada","01","PT-KHN-571682",NULL,"PT-AC-KHN-2021-11-30-571709","Independent Property","Independent Property","CREATE","INACTIVE","2021-11-30"
"Kodala","02","PT-KDL-571683",NULL,"PT-AC-KDL-2021-11-30-571710","Shared Property","Independent Property","CREATE","ACTIVE","2021-11-30"
"Kodala","02","PT-KDL-571684",NULL,"PT-AC-KDL-2021-11-30-571711","Shared Property","Independent Property","CREATE","ACTIVE","2021-11-30"
"Kodala","03","PT-KDL-571685",NULL,"PT-AC-KDL-2021-11-30-571712","Shared Property","Independent Property","CREATE","ACTIVE","2021-11-30"
"Kodala","02","PT-KDL-571686",NULL,"PT-AC-KDL-2021-11-30-571713","Shared Property","Independent Property","CREATE","ACTIVE","2021-11-30"
"Kodala","02","PT-KDL-571687",NULL,"PT-AC-KDL-2021-11-30-571714","Shared Property","Independent Property","CREATE","ACTIVE","2021-11-30"
"Kodala","02","PT-KDL-571688",NULL,"PT-AC-KDL-2021-11-30-571715","Shared Property","Independent Property","CREATE","ACTIVE","2021-11-30"
"Kodala","02","PT-KDL-571689",NULL,"PT-AC-KDL-2021-11-30-571716","Shared Property","Independent Property","CREATE","ACTIVE","2021-11-30"
"Kodala","02","PT-KDL-571690",NULL,"PT-AC-KDL-2021-11-30-571717","Shared Property","Independent Property","CREATE","ACTIVE","2021-11-30"
"Kodala","02","PT-KDL-571691",NULL,"PT-AC-KDL-2021-11-30-571718","Shared Property","Independent Property","CREATE","ACTIVE","2021-11-30"
"Kodala","02","PT-KDL-571692",NULL,"PT-AC-KDL-2021-11-30-571719","Shared Property","Independent Property","CREATE","ACTIVE","2021-11-30"
"Kodala","02","PT-KDL-571693",NULL,"PT-AC-KDL-2021-11-30-571720","Shared Property","Independent Property","CREATE","ACTIVE","2021-11-30"
"Kodala","02","PT-KDL-571694",NULL,"PT-AC-KDL-2021-11-30-571721","Shared Property","Independent Property","CREATE","ACTIVE","2021-11-30"
"Kodala","02","PT-KDL-571695",NULL,"PT-AC-KDL-2021-11-30-571722","Shared Property","Independent Property","CREATE","ACTIVE","2021-11-30"
"Kodala","02","PT-KDL-571696",NULL,"PT-AC-KDL-2021-11-30-571723","Shared Property","Independent Property","CREATE","ACTIVE","2021-11-30"
"Kodala","02","PT-KDL-571697",NULL,"PT-AC-KDL-2021-12-01-571724","Shared Property","Independent Property","CREATE","ACTIVE","2021-12-01"
"Kodala","02","PT-KDL-571698",NULL,"PT-AC-KDL-2021-12-01-571725","Shared Property","Independent Property","CREATE","ACTIVE","2021-12-01"
"Kodala","02","PT-KDL-571699",NULL,"PT-AC-KDL-2021-12-01-571726","Shared Property","Independent Property","CREATE","ACTIVE","2021-12-01"
"Kodala","02","PT-KDL-571700",NULL,"PT-AC-KDL-2021-12-01-571727","Shared Property","Independent Property","CREATE","ACTIVE","2021-12-01"
"Kodala","02","PT-KDL-571701",NULL,"PT-AC-KDL-2021-12-01-571728","Shared Property","Independent Property","CREATE","ACTIVE","2021-12-01"
"Kodala","02","PT-KDL-571702",NULL,"PT-AC-KDL-2021-12-01-571729","Shared Property","Independent Property","CREATE","ACTIVE","2021-12-01"
"Kodala","02","PT-KDL-571703",NULL,"PT-AC-KDL-2021-12-01-571730","Shared Property","Independent Property","CREATE","ACTIVE","2021-12-01"
"Kodala","02","PT-KDL-571704",NULL,"PT-AC-KDL-2021-12-01-571731","Shared Property","Independent Property","CREATE","ACTIVE","2021-12-01"
"Kodala","01","PT-KDL-571705",NULL,"PT-AC-KDL-2021-12-01-571732","Shared Property","Independent Property","CREATE","ACTIVE","2021-12-01"
"Kashinagar","11","PT-KSN-571706",NULL,"PT-AC-KSN-2021-12-01-571733","Independent Property","Independent Property","CREATE","ACTIVE","2021-12-01"
"Kodala","13","PT-KDL-571707",NULL,"PT-AC-KDL-2021-12-01-571736","Shared Property","Independent Property","CREATE","INWORKFLOW","2021-12-01"
"Kodala","13","PT-KDL-571708",NULL,"PT-AC-KDL-2021-12-01-571737","Shared Property","Independent Property","CREATE","INWORKFLOW","2021-12-01"
"Kodala","13","PT-KDL-571709",NULL,"PT-AC-KDL-2021-12-01-571738","Shared Property","Independent Property","CREATE","INWORKFLOW","2021-12-01"
"Khandapada","13","PT-KHN-571710",NULL,"PT-AC-KHN-2021-12-03-571739","Independent Property","Independent Property","CREATE","ACTIVE","2021-12-03"
"Khandapada","06","PT-KHN-571711",NULL,"PT-AC-KHN-2021-12-03-571740","Independent Property","Independent Property","CREATE","ACTIVE","2021-12-03"
"Khandapada","01","PT-KHN-571682",NULL,"PT-AC-KHN-2021-12-03-571741","Independent Property","Independent Property","UPDATE","ACTIVE","2021-12-03"
"Talcher","09","PT-TLC-571712",NULL,"PT-AC-TLC-2021-12-03-571742","Independent Property","Independent Property","CREATE","INWORKFLOW","2021-12-03"
"Talcher","20","PT-TLC-571713",NULL,"PT-AC-TLC-2021-12-03-571743","Independent Property","Independent Property","CREATE","INWORKFLOW","2021-12-03"
"Talcher","12","PT-TLC-571714",NULL,"PT-AC-TLC-2021-12-04-571744","Independent Property","Independent Property","CREATE","INWORKFLOW","2021-12-04"
"Balangir","04","PT-BLR-571715",NULL,"PT-AC-BLR-2021-12-06-571747","Independent Property","Independent Property","CREATE","INWORKFLOW","2021-12-06"
"Kamakhyanagar","06","PT-KMN-571716",NULL,"PT-AC-KMN-2021-12-07-571749","Independent Property","Non Residentials Commercial","CREATE","ACTIVE","2021-12-07"
"Kamakhyanagar","06","PT-KMN-571717",NULL,"PT-AC-KMN-2021-12-07-571750","Independent Property","Non Residentials Commercial","CREATE","ACTIVE","2021-12-07"
"Kamakhyanagar","06","PT-KMN-571718",NULL,"PT-AC-KMN-2021-12-07-571751","Independent Property","Non Residentials Commercial","CREATE","ACTIVE","2021-12-07"
"Pattamundai","10","PT-PTM-571720",NULL,"PT-AC-PTM-2021-12-07-571753","Independent Property","Independent Property","CREATE","INACTIVE","2021-12-07"
"Pattamundai","10","PT-PTM-571720",NULL,"PT-AC-PTM-2021-12-07-571754","Independent Property","Independent Property","UPDATE","INACTIVE","2021-12-07"
"Kamakhyanagar","02","PT-KMN-571721",NULL,"PT-AC-KMN-2021-12-08-571755","Independent Property","Non Residentials Commercial","CREATE","ACTIVE","2021-12-08"
"Pattamundai","10","PT-PTM-571720",NULL,"PT-AC-PTM-2021-12-08-571756","Independent Property","Independent Property","UPDATE","ACTIVE","2021-12-08"
"Dhenkanal","07","PT-DKN-571722",NULL,"PT-AC-DKN-2021-12-09-571758","Independent Property","Independent Property","CREATE","ACTIVE","2021-12-09"
"Kodala","13","PT-KDL-571723",NULL,"PT-AC-KDL-2021-12-09-571760","Shared Property","Independent Property","CREATE","INWORKFLOW","2021-12-09"
"Kodala","13","PT-KDL-571724",NULL,"PT-AC-KDL-2021-12-09-571761","Shared Property","Independent Property","CREATE","INWORKFLOW","2021-12-09"
"Kodala","13","PT-KDL-571725",NULL,"PT-AC-KDL-2021-12-09-571762","Shared Property","Independent Property","CREATE","INWORKFLOW","2021-12-09"
"Kodala","13","PT-KDL-571726",NULL,"PT-AC-KDL-2021-12-09-571763","Shared Property","Independent Property","CREATE","INWORKFLOW","2021-12-09"
"Kodala","13","PT-KDL-571727",NULL,"PT-AC-KDL-2021-12-09-571764","Shared Property","Independent Property","CREATE","INWORKFLOW","2021-12-09"
"Kodala","13","PT-KDL-571728",NULL,"PT-AC-KDL-2021-12-09-571765","Shared Property","Independent Property","CREATE","INWORKFLOW","2021-12-09"
"Kodala","13","PT-KDL-571729",NULL,"PT-AC-KDL-2021-12-09-571766","Shared Property","Independent Property","CREATE","INWORKFLOW","2021-12-09"
"Kodala","13","PT-KDL-571730",NULL,"PT-AC-KDL-2021-12-09-571767","Shared Property","Independent Property","CREATE","INWORKFLOW","2021-12-09"
"Kodala","13","PT-KDL-571731",NULL,"PT-AC-KDL-2021-12-09-571768","Shared Property","Independent Property","CREATE","INWORKFLOW","2021-12-09"
"Kodala","13","PT-KDL-571732",NULL,"PT-AC-KDL-2021-12-09-571769","Shared Property","Independent Property","CREATE","INWORKFLOW","2021-12-09"
"Kodala","13","PT-KDL-571733",NULL,"PT-AC-KDL-2021-12-09-571770","Shared Property","Independent Property","CREATE","INWORKFLOW","2021-12-09"
"Kodala","13","PT-KDL-571734",NULL,"PT-AC-KDL-2021-12-09-571771","Shared Property","Independent Property","CREATE","INWORKFLOW","2021-12-09"
"Kodala","13","PT-KDL-571735",NULL,"PT-AC-KDL-2021-12-09-571772","Shared Property","Independent Property","CREATE","INWORKFLOW","2021-12-09"
"Kodala","13","PT-KDL-571736",NULL,"PT-AC-KDL-2021-12-09-571773","Shared Property","Independent Property","CREATE","INWORKFLOW","2021-12-09"
"Kodala","13","PT-KDL-571737",NULL,"PT-AC-KDL-2021-12-09-571774","Shared Property","Independent Property","CREATE","INWORKFLOW","2021-12-09"
"Kodala","13","PT-KDL-571738",NULL,"PT-AC-KDL-2021-12-09-571775","Shared Property","Independent Property","CREATE","INWORKFLOW","2021-12-09"
"Kodala","13","PT-KDL-571739",NULL,"PT-AC-KDL-2021-12-09-571776","Shared Property","Independent Property","CREATE","INWORKFLOW","2021-12-09"
"Kodala","13","PT-KDL-571740",NULL,"PT-AC-KDL-2021-12-09-571777","Shared Property","Independent Property","CREATE","INWORKFLOW","2021-12-09"
"Kodala","13","PT-KDL-571741",NULL,"PT-AC-KDL-2021-12-10-571778","Shared Property","Independent Property","CREATE","INWORKFLOW","2021-12-10"
"Kodala","13","PT-KDL-571742",NULL,"PT-AC-KDL-2021-12-10-571779","Shared Property","Independent Property","CREATE","INWORKFLOW","2021-12-10"
"Kodala","13","PT-KDL-571743",NULL,"PT-AC-KDL-2021-12-10-571780","Shared Property","Independent Property","CREATE","INWORKFLOW","2021-12-10"
"Kodala","13","PT-KDL-571744",NULL,"PT-AC-KDL-2021-12-10-571781","Shared Property","Independent Property","CREATE","INWORKFLOW","2021-12-10"
"Kodala","13","PT-KDL-571745",NULL,"PT-AC-KDL-2021-12-10-571782","Shared Property","Independent Property","CREATE","INWORKFLOW","2021-12-10"
"Kodala","13","PT-KDL-571746",NULL,"PT-AC-KDL-2021-12-10-571783","Shared Property","Independent Property","CREATE","INWORKFLOW","2021-12-10"
"Kodala","13","PT-KDL-571747",NULL,"PT-AC-KDL-2021-12-10-571784","Shared Property","Independent Property","CREATE","INWORKFLOW","2021-12-10"
"Kodala","13","PT-KDL-571748",NULL,"PT-AC-KDL-2021-12-10-571785","Shared Property","Independent Property","CREATE","INWORKFLOW","2021-12-10"
"Kodala","13","PT-KDL-571749",NULL,"PT-AC-KDL-2021-12-10-571786","Shared Property","Independent Property","CREATE","INWORKFLOW","2021-12-10"
"Kodala","13","PT-KDL-571750",NULL,"PT-AC-KDL-2021-12-10-571787","Shared Property","Independent Property","CREATE","INWORKFLOW","2021-12-10"
"Kodala","13","PT-KDL-571751",NULL,"PT-AC-KDL-2021-12-10-571788","Shared Property","Independent Property","CREATE","INWORKFLOW","2021-12-10"
"Kodala","13","PT-KDL-571752",NULL,"PT-AC-KDL-2021-12-10-571789","Shared Property","Independent Property","CREATE","INWORKFLOW","2021-12-10"
"Kodala","13","PT-KDL-571753",NULL,"PT-AC-KDL-2021-12-10-571790","Shared Property","Independent Property","CREATE","INWORKFLOW","2021-12-10"
"Kodala","13","PT-KDL-571754",NULL,"PT-AC-KDL-2021-12-10-571791","Shared Property","Independent Property","CREATE","INWORKFLOW","2021-12-10"
"Kodala","13","PT-KDL-571755",NULL,"PT-AC-KDL-2021-12-10-571792","Shared Property","Independent Property","CREATE","INWORKFLOW","2021-12-10"
"Kodala","13","PT-KDL-571756",NULL,"PT-AC-KDL-2021-12-10-571793","Shared Property","Independent Property","CREATE","INWORKFLOW","2021-12-10"
"Kodala","13","PT-KDL-571757",NULL,"PT-AC-KDL-2021-12-10-571794","Shared Property","Independent Property","CREATE","INWORKFLOW","2021-12-10"
"Kodala","13","PT-KDL-571758",NULL,"PT-AC-KDL-2021-12-10-571795","Shared Property","Independent Property","CREATE","INWORKFLOW","2021-12-10"
"Kodala","13","PT-KDL-571759",NULL,"PT-AC-KDL-2021-12-10-571796","Shared Property","Independent Property","CREATE","INWORKFLOW","2021-12-10"
"Kodala","13","PT-KDL-571760",NULL,"PT-AC-KDL-2021-12-10-571797","Shared Property","Independent Property","CREATE","INWORKFLOW","2021-12-10"
"Kesinga","07","PT-KSG-571761",NULL,"PT-AC-KSG-2021-12-10-571798","Vacant Land","Independent Property","CREATE","ACTIVE","2021-12-10"
"Kodala","13","PT-KDL-571762",NULL,"PT-AC-KDL-2021-12-10-571799","Shared Property","Independent Property","CREATE","INWORKFLOW","2021-12-10"
"Kodala","13","PT-KDL-571763",NULL,"PT-AC-KDL-2021-12-10-571800","Shared Property","Independent Property","CREATE","INWORKFLOW","2021-12-10"
"Chatrapur","02","PT-CHH-571764",NULL,"PT-AC-CHH-2021-12-10-571801","Independent Property","Non Residentials Commercial","CREATE","ACTIVE","2021-12-10"
"Kodala","13","PT-KDL-571765",NULL,"PT-AC-KDL-2021-12-10-571802","Shared Property","Independent Property","CREATE","INWORKFLOW","2021-12-10"
"Kodala","13","PT-KDL-571766",NULL,"PT-AC-KDL-2021-12-10-571803","Shared Property","Independent Property","CREATE","INWORKFLOW","2021-12-10"
"Kodala","13","PT-KDL-571767",NULL,"PT-AC-KDL-2021-12-10-571804","Shared Property","Independent Property","CREATE","INWORKFLOW","2021-12-10"
"Kodala","13","PT-KDL-571768",NULL,"PT-AC-KDL-2021-12-10-571805","Shared Property","Independent Property","CREATE","INWORKFLOW","2021-12-10"
"Kodala","13","PT-KDL-571769",NULL,"PT-AC-KDL-2021-12-10-571806","Shared Property","Independent Property","CREATE","INWORKFLOW","2021-12-10"
"Kodala","13","PT-KDL-571770",NULL,"PT-AC-KDL-2021-12-10-571807","Shared Property","Independent Property","CREATE","INWORKFLOW","2021-12-10"
"Kodala","13","PT-KDL-571771",NULL,"PT-AC-KDL-2021-12-10-571808","Shared Property","Independent Property","CREATE","INWORKFLOW","2021-12-10"
"Kodala","13","PT-KDL-571772",NULL,"PT-AC-KDL-2021-12-10-571809","Shared Property","Independent Property","CREATE","INWORKFLOW","2021-12-10"
"Kodala","13","PT-KDL-571773",NULL,"PT-AC-KDL-2021-12-10-571810","Shared Property","Independent Property","CREATE","INWORKFLOW","2021-12-10"
"Kodala","13","PT-KDL-571774",NULL,"PT-AC-KDL-2021-12-10-571811","Shared Property","Independent Property","CREATE","INWORKFLOW","2021-12-10"
"Kodala","13","PT-KDL-571775",NULL,"PT-AC-KDL-2021-12-10-571812","Shared Property","Independent Property","CREATE","INWORKFLOW","2021-12-10"
"Kodala","13","PT-KDL-571776",NULL,"PT-AC-KDL-2021-12-10-571813","Shared Property","Independent Property","CREATE","INWORKFLOW","2021-12-10"
"Kodala","13","PT-KDL-571777",NULL,"PT-AC-KDL-2021-12-10-571814","Shared Property","Independent Property","CREATE","INWORKFLOW","2021-12-10"
"Deogarh","01","PT-DBG-571778",NULL,"PT-AC-DBG-2021-12-13-571815","Shared Property","Independent Property","CREATE","INWORKFLOW","2021-12-13"
"Kodala","13","PT-KDL-571779",NULL,"PT-AC-KDL-2021-12-13-571816","Shared Property","Independent Property","CREATE","INWORKFLOW","2021-12-13"
"Kodala","13","PT-KDL-571780",NULL,"PT-AC-KDL-2021-12-13-571817","Shared Property","Independent Property","CREATE","INWORKFLOW","2021-12-13"
"Gudari","02","PT-GDR-571782",NULL,"PT-AC-GDR-2021-12-14-571821","Independent Property","Independent Property","CREATE","ACTIVE","2021-12-14"
"Chatrapur","01","PT-CHH-571784",NULL,"PT-AC-CHH-2021-12-15-571824","Independent Property","Independent Property","CREATE","ACTIVE","2021-12-15"
"Sundargarh","18","PT-SNG-571785",NULL,"PT-AC-SNG-2021-12-18-571825","Independent Property","Independent Property","CREATE","INWORKFLOW","2021-12-18"
"Jatni","11","PT-JTN-571786",NULL,"PT-AC-JTN-2021-12-19-571826","Shared Property","Independent Property","CREATE","INWORKFLOW","2021-12-19"
"Titilagarh","02","PT-TTG-571787",NULL,"PT-AC-TTG-2021-12-20-571830","Independent Property","Independent Property","CREATE","ACTIVE","2021-12-20"
"Dhenkanal","10","PT-DKN-571788",NULL,"PT-AC-DKN-2021-12-20-571831","Independent Property","Non Residentials Commercial","CREATE","INACTIVE","2021-12-20"
"Titilagarh","02","PT-TTG-571789",NULL,"PT-AC-TTG-2021-12-20-571832","Independent Property","Independent Property","CREATE","ACTIVE","2021-12-20"
"Titilagarh","02","PT-TTG-571790",NULL,"PT-AC-TTG-2021-12-20-571833","Independent Property","Independent Property","CREATE","ACTIVE","2021-12-20"
"Titilagarh","02","PT-TTG-571791",NULL,"PT-AC-TTG-2021-12-20-571834","Independent Property","Independent Property","CREATE","ACTIVE","2021-12-20"
"Dhenkanal","09","PT-DKN-571792",NULL,"PT-AC-DKN-2021-12-20-571835","Independent Property","Independent Property","CREATE","ACTIVE","2021-12-20"
"Puri","04","PT-PRI-571793",NULL,"PT-AC-PRI-2021-12-21-571836","Independent Property","Independent Property","CREATE","ACTIVE","2021-12-21"
"Titilagarh","02","PT-TTG-571794",NULL,"PT-AC-TTG-2021-12-21-571837","Independent Property","Independent Property","CREATE","ACTIVE","2021-12-21"
"Jeypore","17","PT-JPR-571798",NULL,"PT-AC-JPR-2021-12-22-571841","Independent Property","Independent Property","CREATE","ACTIVE","2021-12-22"
"Jeypore","06","PT-JPR-571800",NULL,"PT-AC-JPR-2021-12-23-571843","Independent Property","Independent Property","CREATE","ACTIVE","2021-12-23"
"Titilagarh","15","PT-TTG-571801",NULL,"PT-AC-TTG-2021-12-23-571844","Shared Property","Non Residentials Commercial","CREATE","ACTIVE","2021-12-23"
"Titilagarh","11","PT-TTG-571802",NULL,"PT-AC-TTG-2021-12-23-571845","Independent Property","Independent Property","CREATE","ACTIVE","2021-12-23"
"Cuttack","01","PT-CTC-571806",NULL,"PT-AC-CTC-2021-12-23-571849","Independent Property","Independent Property","CREATE","INWORKFLOW","2021-12-23"
"Dhenkanal","10","PT-DKN-571788",NULL,"PT-AC-DKN-2021-12-23-571850","Independent Property","Non Residentials Commercial","UPDATE","INWORKFLOW","2021-12-23"
"Titilagarh","02","PT-TTG-571807",NULL,"PT-AC-TTG-2021-12-23-571851","Independent Property","Independent Property","CREATE","ACTIVE","2021-12-23"
"Titilagarh","08","PT-TTG-571809",NULL,"PT-AC-TTG-2021-12-23-571853","Independent Property","Independent Property","CREATE","ACTIVE","2021-12-23"
"Jeypore","15","PT-JPR-571812",NULL,"PT-AC-JPR-2021-12-23-571856","Independent Property","Independent Property","CREATE","ACTIVE","2021-12-23"
"Jeypore","02","PT-JPR-571814",NULL,"PT-AC-JPR-2021-12-27-571858","Independent Property","Independent Property","CREATE","ACTIVE","2021-12-27"
"Jeypore","21","PT-JPR-571818",NULL,"PT-AC-JPR-2021-12-29-571862","Independent Property","Independent Property","CREATE","ACTIVE","2021-12-29"
"Jeypore","19","PT-JPR-571819",NULL,"PT-AC-JPR-2021-12-30-571863","Independent Property","Independent Property","CREATE","ACTIVE","2021-12-30"
"Jeypore","19","PT-JPR-571820",NULL,"PT-AC-JPR-2021-12-30-571864","Independent Property","Independent Property","CREATE","ACTIVE","2021-12-30"
"Jharsuguda","14","PT-JRS-571821",NULL,"PT-AC-JRS-2021-12-30-571865","Independent Property","Independent Property","CREATE","ACTIVE","2021-12-30"
"Titilagarh","02","PT-TTG-571822",NULL,"PT-AC-TTG-2021-12-31-571867","Independent Property","Independent Property","CREATE","ACTIVE","2021-12-31"
"Titilagarh","08","PT-TTG-571823",NULL,"PT-AC-TTG-2021-12-31-571868","Independent Property","Independent Property","CREATE","ACTIVE","2021-12-31"
"Sundargarh","13","PT-SNG-571824",NULL,"PT-AC-SNG-2021-12-31-571870","Independent Property","Independent Property","CREATE","INWORKFLOW","2021-12-31"
"Talcher","09","PT-TLC-571825",NULL,"PT-AC-TLC-2021-12-31-571871","Independent Property","Independent Property","CREATE","INWORKFLOW","2021-12-31"
"Talcher","20","PT-TLC-571826",NULL,"PT-AC-TLC-2021-12-31-571872","Independent Property","Independent Property","CREATE","INWORKFLOW","2021-12-31"
"Jeypore","16","PT-JPR-571827",NULL,"PT-AC-JPR-2021-12-31-571873","Independent Property","Independent Property","CREATE","ACTIVE","2021-12-31"
"Jeypore","15","PT-JPR-571828",NULL,"PT-AC-JPR-2021-12-31-571874","Independent Property","Independent Property","CREATE","ACTIVE","2021-12-31"
"Jeypore","22","PT-JPR-571829",NULL,"PT-AC-JPR-2022-01-01-571875","Independent Property","Independent Property","CREATE","ACTIVE","2022-01-01"
"Jeypore","19","PT-JPR-571830",NULL,"PT-AC-JPR-2022-01-01-571876","Independent Property","Independent Property","CREATE","ACTIVE","2022-01-01"
"Jeypore","19","PT-JPR-571831",NULL,"PT-AC-JPR-2022-01-01-571877","Independent Property","Independent Property","CREATE","ACTIVE","2022-01-01"
"Jeypore","21","PT-JPR-571832",NULL,"PT-AC-JPR-2022-01-01-571878","Independent Property","Independent Property","CREATE","ACTIVE","2022-01-01"
"Jeypore","18","PT-JPR-571833",NULL,"PT-AC-JPR-2022-01-03-571879","Independent Property","Non Residentials Commercial","CREATE","ACTIVE","2022-01-03"
"Balugaon","09","PT-BLG-571835",NULL,"PT-AC-BLG-2022-01-05-571883","Independent Property","Independent Property","CREATE","ACTIVE","2022-01-05"
"Balugaon","03","PT-BLG-571836",NULL,"PT-AC-BLG-2022-01-06-571884","Independent Property","Independent Property","CREATE","ACTIVE","2022-01-06"
"Balugaon","04","PT-BLG-571837",NULL,"PT-AC-BLG-2022-01-06-571885","Independent Property","Non Residentials Commercial","CREATE","ACTIVE","2022-01-06"
"Balugaon","09","PT-BLG-571839",NULL,"PT-AC-BLG-2022-01-06-571888","Independent Property","Non Residentials Commercial","CREATE","ACTIVE","2022-01-06"
"Balugaon","09","PT-BLG-571840",NULL,"PT-AC-BLG-2022-01-06-571889","Independent Property","Independent Property","CREATE","ACTIVE","2022-01-06"
"Jeypore","07","PT-JPR-571841",NULL,"PT-AC-JPR-2022-01-06-571890","Independent Property","Non Residentials Commercial","CREATE","ACTIVE","2022-01-06"
"Balugaon","01","PT-BLG-571842",NULL,"PT-AC-BLG-2022-01-07-571891","Independent Property","Independent Property","CREATE","INWORKFLOW","2022-01-07"
"Balugaon","09","PT-BLG-571846",NULL,"PT-AC-BLG-2022-01-09-571900","Independent Property","Independent Property","CREATE","ACTIVE","2022-01-09"
"Balugaon","09","PT-BLG-571847",NULL,"PT-AC-BLG-2022-01-09-571901","Independent Property","Independent Property","CREATE","ACTIVE","2022-01-09"
"Jeypore","18","PT-JPR-571848",NULL,"PT-AC-JPR-2022-01-09-571902","Independent Property","Independent Property","CREATE","ACTIVE","2022-01-09"
"Balugaon","01","PT-BLG-571849",NULL,"PT-AC-BLG-2022-01-10-571928","Independent Property","Independent Property","CREATE","INWORKFLOW","2022-01-10"
"Balugaon","06","PT-BLG-571850",NULL,"PT-AC-BLG-2022-01-10-571929","Independent Property","Independent Property","CREATE","INWORKFLOW","2022-01-10"
"Titilagarh","02","PT-TTG-571851",NULL,"PT-AC-TTG-2022-01-10-571930","Independent Property","Independent Property","CREATE","ACTIVE","2022-01-10"
"Patnagarh","11","PT-PTN-571852",NULL,"PT-AC-PTN-2022-01-10-571931","Independent Property","Non Residentials Commercial","CREATE","INWORKFLOW","2022-01-10"
"Titilagarh","09","PT-TTG-571853",NULL,"PT-AC-TTG-2022-01-10-571932","Independent Property","Independent Property","CREATE","ACTIVE","2022-01-10"
"Balugaon","01","PT-BLG-571854",NULL,"PT-AC-BLG-2022-01-10-571933","Independent Property","Independent Property","CREATE","INWORKFLOW","2022-01-10"
"Balugaon","01","PT-BLG-571855",NULL,"PT-AC-BLG-2022-01-10-571934","Independent Property","Non Residentials Commercial","CREATE","INWORKFLOW","2022-01-10"
"Balugaon","01","PT-BLG-571856",NULL,"PT-AC-BLG-2022-01-10-571935","Independent Property","Independent Property","CREATE","INWORKFLOW","2022-01-10"
"Puri","11","PT-PRI-571857",NULL,"PT-AC-PRI-2022-01-10-571936","Independent Property","Independent Property","CREATE","INWORKFLOW","2022-01-10"
"Balugaon","06","PT-BLG-571858",NULL,"PT-AC-BLG-2022-01-11-571937","Independent Property","Independent Property","CREATE","INWORKFLOW","2022-01-11"
"Balugaon","01","PT-BLG-571859",NULL,"PT-AC-BLG-2022-01-11-571938","Independent Property","Independent Property","CREATE","INWORKFLOW","2022-01-11"
"Balugaon","01","PT-BLG-571860",NULL,"PT-AC-BLG-2022-01-11-571939","Independent Property","Independent Property","CREATE","INWORKFLOW","2022-01-11"
"Balugaon","06","PT-BLG-571861",NULL,"PT-AC-BLG-2022-01-11-571940","Independent Property","Independent Property","CREATE","INWORKFLOW","2022-01-11"
"Balugaon","09","PT-BLG-571862",NULL,"PT-AC-BLG-2022-01-11-571941","Independent Property","Mixed","CREATE","ACTIVE","2022-01-11"
"Balugaon","09","PT-BLG-571863",NULL,"PT-AC-BLG-2022-01-11-571942","Independent Property","Independent Property","CREATE","ACTIVE","2022-01-11"
"Balugaon","10","PT-BLG-571864",NULL,"PT-AC-BLG-2022-01-11-571943","Independent Property","Mixed","CREATE","INWORKFLOW","2022-01-11"
"Balugaon","10","PT-BLG-571865",NULL,"PT-AC-BLG-2022-01-11-571944","Independent Property","Independent Property","CREATE","INWORKFLOW","2022-01-11"
"Jeypore","15","PT-JPR-571866",NULL,"PT-AC-JPR-2022-01-11-571945","Independent Property","Independent Property","CREATE","ACTIVE","2022-01-11"
"Dhenkanal","11","PT-DKN-571867",NULL,"PT-AC-DKN-2022-01-11-571946","Independent Property","Independent Property","CREATE","ACTIVE","2022-01-11"
"Dhenkanal","11","PT-DKN-571868",NULL,"PT-AC-DKN-2022-01-11-571947","Independent Property","Independent Property","CREATE","ACTIVE","2022-01-11"
"Deogarh","05","PT-DBG-571869",NULL,"PT-AC-DBG-2022-01-12-571948","Shared Property","Independent Property","CREATE","INWORKFLOW","2022-01-12"
"Jharsuguda","10","PT-JRS-571870",NULL,"PT-AC-JRS-2022-01-12-571950","Independent Property","Independent Property","CREATE","ACTIVE","2022-01-12"
"Balugaon","01","PT-BLG-571871",NULL,"PT-AC-BLG-2022-01-12-571951","Independent Property","Independent Property","CREATE","INWORKFLOW","2022-01-12"
"Balugaon","01","PT-BLG-571872",NULL,"PT-AC-BLG-2022-01-12-571952","Independent Property","Independent Property","CREATE","INWORKFLOW","2022-01-12"
"Balugaon","01","PT-BLG-571873",NULL,"PT-AC-BLG-2022-01-12-571953","Independent Property","Independent Property","CREATE","INWORKFLOW","2022-01-12"
"Balugaon","01","PT-BLG-571874",NULL,"PT-AC-BLG-2022-01-12-571954","Independent Property","Independent Property","CREATE","INWORKFLOW","2022-01-12"
"Kuchinda","04","PT-KCN-571875",NULL,"PT-AC-KCN-2022-01-12-571955","Independent Property","Independent Property","CREATE","ACTIVE","2022-01-12"
"Brajrajnagar","22","PT-BJR-571876",NULL,"PT-AC-BJR-2022-01-12-571956","Independent Property","Independent Property","CREATE","INACTIVE","2022-01-12"
"Jeypore","16","PT-JPR-571877",NULL,"PT-AC-JPR-2022-01-12-571957","Independent Property","Non Residentials Commercial","CREATE","ACTIVE","2022-01-12"
"Chatrapur","02","PT-CHH-571878",NULL,"PT-AC-CHH-2022-01-13-571958","Independent Property","Independent Property","CREATE","ACTIVE","2022-01-13"
"Deogarh","05","PT-DBG-571879",NULL,"PT-AC-DBG-2022-01-13-571959","Shared Property","Independent Property","CREATE","INWORKFLOW","2022-01-13"
"Tarbha","06","PT-TRB-571880",NULL,"PT-AC-TRB-2022-01-13-571962","Independent Property","Independent Property","CREATE","INACTIVE","2022-01-13"
"Tarbha","06","PT-TRB-571880",NULL,"PT-AC-TRB-2022-01-13-571963","Independent Property","Independent Property","UPDATE","INACTIVE","2022-01-13"
"Talcher","20","PT-TLC-571881",NULL,"PT-AC-TLC-2022-01-13-571964","Independent Property","Independent Property","CREATE","INWORKFLOW","2022-01-13"
"Balugaon","09","PT-BLG-571882",NULL,"PT-AC-BLG-2022-01-13-571965","Independent Property","Independent Property","CREATE","ACTIVE","2022-01-13"
"Balugaon","09","PT-BLG-571885",NULL,"PT-AC-BLG-2022-01-13-571968","Independent Property","Mixed","CREATE","ACTIVE","2022-01-13"
"Kuchinda","04","PT-KCN-571886",NULL,"PT-AC-KCN-2022-01-13-571969","Independent Property","Independent Property","CREATE","ACTIVE","2022-01-13"
"Kuchinda","04","PT-KCN-571887",NULL,"PT-AC-KCN-2022-01-13-571970","Independent Property","Independent Property","CREATE","ACTIVE","2022-01-13"
"Talcher","06","PT-TLC-571888",NULL,"PT-AC-TLC-2022-01-13-571971","Independent Property","Independent Property","CREATE","INWORKFLOW","2022-01-13"
"Kuchinda","02","PT-KCN-571889",NULL,"PT-AC-KCN-2022-01-13-571972","Independent Property","Independent Property","CREATE","ACTIVE","2022-01-13"
"Kuchinda","09","PT-KCN-571890",NULL,"PT-AC-KCN-2022-01-13-571973","Independent Property","Independent Property","CREATE","ACTIVE","2022-01-13"
"Tarbha","06","PT-TRB-571880",NULL,"PT-AC-TRB-2022-01-13-571975","Independent Property","Independent Property","UPDATE","ACTIVE","2022-01-13"
"Kuchinda","09","PT-KCN-571891",NULL,"PT-AC-KCN-2022-01-13-571974","Independent Property","Independent Property","CREATE","ACTIVE","2022-01-13"
"Balugaon","10","PT-BLG-571892",NULL,"PT-AC-BLG-2022-01-13-571976","Independent Property","Independent Property","CREATE","INWORKFLOW","2022-01-13"
"Balugaon","09","PT-BLG-571893",NULL,"PT-AC-BLG-2022-01-14-571977","Independent Property","Independent Property","CREATE","ACTIVE","2022-01-14"
"Balugaon","09","PT-BLG-571894",NULL,"PT-AC-BLG-2022-01-14-571978","Independent Property","Independent Property","CREATE","ACTIVE","2022-01-14"
"Balugaon","01","PT-BLG-571895",NULL,"PT-AC-BLG-2022-01-15-571979","Independent Property","Independent Property","CREATE","INWORKFLOW","2022-01-15"
"Balugaon","01","PT-BLG-571896",NULL,"PT-AC-BLG-2022-01-15-571980","Independent Property","Independent Property","CREATE","INWORKFLOW","2022-01-15"
"Balugaon","09","PT-BLG-571897",NULL,"PT-AC-BLG-2022-01-15-571981","Independent Property","Independent Property","CREATE","ACTIVE","2022-01-15"
"Balugaon","10","PT-BLG-571898",NULL,"PT-AC-BLG-2022-01-16-571982","Independent Property","Mixed","CREATE","INWORKFLOW","2022-01-16"
"Balugaon","10","PT-BLG-571899",NULL,"PT-AC-BLG-2022-01-16-571983","Independent Property","Independent Property","CREATE","INWORKFLOW","2022-01-16"
"Talcher","18","PT-TLC-571900",NULL,"PT-AC-TLC-2022-01-17-571984","Independent Property","Independent Property","CREATE","INWORKFLOW","2022-01-17"
"Puri","11","PT-PRI-571901",NULL,"PT-AC-PRI-2022-01-17-571985","Independent Property","Independent Property","CREATE","INWORKFLOW","2022-01-17"
"Talcher","06","PT-TLC-571902",NULL,"PT-AC-TLC-2022-01-17-571986","Independent Property","Independent Property","CREATE","INWORKFLOW","2022-01-17"
"Talcher","06","PT-TLC-571903",NULL,"PT-AC-TLC-2022-01-17-571987","Independent Property","Independent Property","CREATE","INWORKFLOW","2022-01-17"
"Balugaon","01","PT-BLG-571904",NULL,"PT-AC-BLG-2022-01-17-571991","Independent Property","Independent Property","CREATE","INWORKFLOW","2022-01-17"
"Balugaon","01","PT-BLG-571905",NULL,"PT-AC-BLG-2022-01-17-571992","Independent Property","Independent Property","CREATE","INWORKFLOW","2022-01-17"
"Balugaon","01","PT-BLG-571906",NULL,"PT-AC-BLG-2022-01-17-571993","Independent Property","Mixed","CREATE","INWORKFLOW","2022-01-17"
"Talcher","09","PT-TLC-571907",NULL,"PT-AC-TLC-2022-01-17-571994","Independent Property","Independent Property","CREATE","INWORKFLOW","2022-01-17"
"Balugaon","01","PT-BLG-571908",NULL,"PT-AC-BLG-2022-01-17-571995","Independent Property","Independent Property","CREATE","INWORKFLOW","2022-01-17"
"Balugaon","10","PT-BLG-571909",NULL,"PT-AC-BLG-2022-01-17-571997","Independent Property","Mixed","CREATE","INWORKFLOW","2022-01-17"
"Balugaon","10","PT-BLG-571910",NULL,"PT-AC-BLG-2022-01-17-571998","Independent Property","Non Residentials Commercial","CREATE","INWORKFLOW","2022-01-17"
"Balugaon","10","PT-BLG-571911",NULL,"PT-AC-BLG-2022-01-17-572000","Independent Property","Independent Property","CREATE","INWORKFLOW","2022-01-17"
"Talcher","12","PT-TLC-571912",NULL,"PT-AC-TLC-2022-01-18-572001","Independent Property","Independent Property","CREATE","INWORKFLOW","2022-01-18"
"Deogarh","10","PT-DBG-571913",NULL,"PT-AC-DBG-2022-01-18-572002","Shared Property","Independent Property","CREATE","ACTIVE","2022-01-18"
"Talcher","09","PT-TLC-571914",NULL,"PT-AC-TLC-2022-01-18-572003","Independent Property","Independent Property","CREATE","INWORKFLOW","2022-01-18"
"Deogarh","01","PT-DBG-571915",NULL,"PT-AC-DBG-2022-01-18-572004","Shared Property","Independent Property","CREATE","INWORKFLOW","2022-01-18"
"Deogarh","01","PT-DBG-571916",NULL,"PT-AC-DBG-2022-01-18-572006","Shared Property","Independent Property","CREATE","INWORKFLOW","2022-01-18"
"Jeypore","17","PT-JPR-571917",NULL,"PT-AC-JPR-2022-01-18-572008","Independent Property","Independent Property","CREATE","ACTIVE","2022-01-18"
"Chatrapur","03","PT-CHH-571918",NULL,"PT-AC-CHH-2022-01-18-572009","Independent Property","Independent Property","CREATE","INWORKFLOW","2022-01-18"
"Deogarh","02","PT-DBG-571919",NULL,"PT-AC-DBG-2022-01-19-572010","Shared Property","Independent Property","CREATE","ACTIVE","2022-01-19"
"Balugaon","01","PT-BLG-571920",NULL,"PT-AC-BLG-2022-01-19-572011","Independent Property","Independent Property","CREATE","INWORKFLOW","2022-01-19"
"Balugaon","01","PT-BLG-571921",NULL,"PT-AC-BLG-2022-01-19-572012","Independent Property","Independent Property","CREATE","INWORKFLOW","2022-01-19"
"Balugaon","01","PT-BLG-571922",NULL,"PT-AC-BLG-2022-01-19-572013","Independent Property","Independent Property","CREATE","INWORKFLOW","2022-01-19"
"Talcher","20","PT-TLC-571923",NULL,"PT-AC-TLC-2022-01-19-572014","Independent Property","Independent Property","CREATE","INWORKFLOW","2022-01-19"
"Balugaon","01","PT-BLG-571924",NULL,"PT-AC-BLG-2022-01-19-572015","Independent Property","Independent Property","CREATE","INWORKFLOW","2022-01-19"
"Balugaon","01","PT-BLG-571925",NULL,"PT-AC-BLG-2022-01-19-572016","Independent Property","Independent Property","CREATE","INWORKFLOW","2022-01-19"
"Balugaon","01","PT-BLG-571926",NULL,"PT-AC-BLG-2022-01-19-572017","Vacant Land","Non Residentials Others","CREATE","INWORKFLOW","2022-01-19"
"Jharsuguda","05","PT-JRS-571927",NULL,"PT-AC-JRS-2022-01-19-572018","Independent Property","Independent Property","CREATE","ACTIVE","2022-01-19"
"Balugaon","01","PT-BLG-571928",NULL,"PT-AC-BLG-2022-01-19-572019","Independent Property","Independent Property","CREATE","INWORKFLOW","2022-01-19"
"Balugaon","01","PT-BLG-571929",NULL,"PT-AC-BLG-2022-01-19-572020","Independent Property","Independent Property","CREATE","INWORKFLOW","2022-01-19"
"Balugaon","01","PT-BLG-571930",NULL,"PT-AC-BLG-2022-01-19-572021","Independent Property","Independent Property","CREATE","INWORKFLOW","2022-01-19"
"Balugaon","01","PT-BLG-571931",NULL,"PT-AC-BLG-2022-01-19-572022","Independent Property","Independent Property","CREATE","INWORKFLOW","2022-01-19"
"Brajrajnagar","22","PT-BJR-571876",NULL,"PT-AC-BJR-2022-01-19-572023","Independent Property","Independent Property","UPDATE","ACTIVE","2022-01-19"
"Deogarh","09","PT-DBG-571932",NULL,"PT-AC-DBG-2022-01-19-572024","Shared Property","Independent Property","CREATE","INWORKFLOW","2022-01-19"
"Jeypore","17","PT-JPR-571933",NULL,"PT-AC-JPR-2022-01-19-572025","Independent Property","Independent Property","CREATE","ACTIVE","2022-01-19"
"Rourkela","01","PT-RRK-571934",NULL,"PT-AC-RRK-2022-01-19-572026","Independent Property","Independent Property","CREATE","INWORKFLOW","2022-01-19"
"Athmallik","01","PT-ATM-571935",NULL,"PT-AC-ATM-2022-01-19-572027","Independent Property","Independent Property","CREATE","INWORKFLOW","2022-01-19"
"Athmallik","01","PT-ATM-571936",NULL,"PT-AC-ATM-2022-01-19-572028","Independent Property","Independent Property","CREATE","INWORKFLOW","2022-01-19"
