"ulb","applicationno","applicationstatus","connectionno","createddate","lastmodifieddate","applicationtype","ward"
"Jharsuguda","WS_AP/JRS/2021-22/2170057","CONNECTION_ACTIVATED","WS/JRS/1660948","2021-12-10","2021-12-10","Ownership Change","01"
"Puri","WS_AP/PRI/2021-22/2170089","INITIATED","WS/PRI/1958069","2021-12-10","2021-12-10","Modify Connection","30"
"Puri","WS_AP/PRI/2021-22/2170124","INITIATED","WS/PRI/1972717","2021-12-13","2021-12-13","Modify Connection","30"
"Jharsuguda","WS_AP/JRS/2021-22/2170209","CONNECTION_ACTIVATED","WS/JRS/1660681","2021-12-13","2021-12-13","Ownership Change","01"
"Bhubaneswar","WS_AP/BMC/2021-22/2170036","PENDING_FOR_DOCUMENT_VERIFICATION","WS/BMC/1533667","2021-11-26","2021-11-26","Ownership Change","59"
"Bhubaneswar","WS_AP/BMC/2021-22/2170037","INITIATED","WS/BMC/1572872","2021-11-28","2021-11-28","Ownership Change","41"
"Cuttack","WS_AP/CTC/2021-22/2170041","INITIATED","WS/CTC/1910809","2021-12-04","2021-12-04","Ownership Change","01"
"Puri","WS_AP/PRI/2021-22/2170053","INITIATED","WS/PRI/1968481","2021-12-10","2021-12-10","Modify Connection","26"
"Jharsuguda","WS_AP/JRS/2021-22/2170210","CONNECTION_ACTIVATED","WS/JRS/1660673","2021-12-13","2021-12-13","Ownership Change","01"
"Aska","WS_AP/ASK/2021-22/2171800","CONNECTION_ACTIVATED","WS/ASK/2027174","2022-01-07","2022-01-07","Modify Connection","04"
"Jharsuguda","WS_AP/JRS/2021-22/2170245","REJECTED","WS/JRS/1670667","2021-12-15","2021-12-16","Modify Connection","12"
"Purushottampur","WS_AP/PRS/2021-22/2171792","CONNECTION_ACTIVATED","WS/PRS/2098535","2022-01-07","2022-01-07","Modify Connection","05"
"Jharsuguda","WS_AP/JRS/2021-22/2170211","CONNECTION_ACTIVATED","WS/JRS/1660722","2021-12-13","2021-12-13","Ownership Change","01"
"Jharsuguda","WS_AP/JRS/2021-22/2170235","CONNECTION_ACTIVATED","WS/JRS/1663903","2021-12-15","2021-12-15","Ownership Change","01"
"Purushottampur","WS_AP/PRS/2021-22/2171975","INITIATED","WS/PRS/2100803","2022-01-10","2022-01-10","Modify Connection","10"
"Puri","WS_AP/PRI/2021-22/2170416","INITIATED","WS/PRI/2170131","2021-12-17","2021-12-17","Modify Connection","16"
"Purushottampur","WS_AP/PRS/2021-22/2171981","INITIATED","WS/PRS/2098555","2022-01-10","2022-01-10","Modify Connection","12"
"Purushottampur","WS_AP/PRS/2021-22/2171998","INITIATED","WS/PRS/2094535","2022-01-10","2022-01-10","Modify Connection","04"
"Purushottampur","WS_AP/PRS/2021-22/2171985","INITIATED","WS/PRS/2093747","2022-01-10","2022-01-10","Modify Connection","08"
"Kamakhyanagar","WS_AP/KMN/2021-22/2172007","INITIATED","WS/KMN/2164788","2022-01-10","2022-01-10","Modify Connection","12"
"Purushottampur","WS_AP/PRS/2021-22/2172027","INITIATED","WS/PRS/2096206","2022-01-10","2022-01-10","Modify Connection","09"
"Purushottampur","WS_AP/PRS/2021-22/2172015","INITIATED","WS/PRS/2096590","2022-01-10","2022-01-10","Modify Connection","09"
"Purushottampur","WS_AP/PRS/2021-22/2172029","INITIATED","WS/PRS/2096206","2022-01-10","2022-01-10","Modify Connection","09"
"Purushottampur","WS_AP/PRS/2021-22/2172022","INITIATED","WS/PRS/2095741","2022-01-10","2022-01-10","Modify Connection","09"
"Purushottampur","WS_AP/PRS/2021-22/2172023","INITIATED","WS/PRS/2095741","2022-01-10","2022-01-10","Modify Connection","09"
"Purushottampur","WS_AP/PRS/2021-22/2172681","CONNECTION_ACTIVATED","WS/PRS/2094149","2022-01-15","2022-01-15","Modify Connection","04"
"Aska","WS_AP/ASK/2021-22/2172035","INITIATED","WS/ASK/2025175","2022-01-10","2022-01-10","Modify Connection","17"
"Jharsuguda","WS_AP/JRS/2021-22/2170558","PENDING_FOR_PAYMENT","WS/JRS/1661077","2021-12-18","2021-12-23","Ownership Change","01"
"Jharsuguda","WS_AP/JRS/2021-22/2170706","CONNECTION_ACTIVATED","WS/JRS/1660963","2021-12-20","2022-01-03","Ownership Change","01"
"Puri","WS_AP/PRI/2021-22/2170809","CONNECTION_ACTIVATED","WS/PRI/1829201","2021-12-21","2021-12-21","Modify Connection","15"
"Cuttack","WS_AP/CTC/2021-22/2170918","CONNECTION_ACTIVATED","WS/CTC/1911316","2021-12-23","2021-12-23","Modify Connection","01"
"Purushottampur","WS_AP/PRS/2021-22/2172047","CONNECTION_ACTIVATED","WS/PRS/2096720","2022-01-11","2022-01-11","Modify Connection","05"
"Khandapada","WS_AP/KHN/2021-22/2171079","CONNECTION_ACTIVATED","WS/KHN/2152026","2021-12-28","2021-12-28","Modify Connection","11"
"Khandapada","WS_AP/KHN/2021-22/2171039","PENDING_FOR_APPROVAL","WS/KHN/2150627","2021-12-27","2021-12-27","Modify Connection","07"
"Bhawanipatna","WS_AP/BWP/2021-22/2170999","INITIATED","WS/BWP/1992777","2021-12-24","2021-12-24","Modify Connection","18"
"Athmallik","WS_AP/ATM/2021-22/2171000","INITIATED","WS/ATM/1823809","2021-12-24","2021-12-24","Modify Connection","07"
"Jharsuguda","WS_AP/JRS/2021-22/2171081","CONNECTION_ACTIVATED","WS/JRS/1660890","2021-12-28","2022-01-04","Ownership Change","01"
"Purushottampur","WS_AP/PRS/2021-22/2173045","INITIATED","WS/PRS/2094181","2022-01-17","2022-01-17","Modify Connection","13"
"Ganjam","WS_AP/GJM/2021-22/2171154","PENDING_FOR_APPROVAL","WS/GJM/1618306","2021-12-28","2021-12-28","Modify Connection","03"
"Cuttack","WS_AP/CTC/2021-22/2171223","PENDING_FOR_APPROVAL","WS/CTC/1960684","2021-12-29","2021-12-29","Modify Connection","01"
"Cuttack","WS_AP/CTC/2021-22/2171300","INITIATED","WS/CTC/1844602","2021-12-29","2021-12-29","Ownership Change","01"
"Cuttack","WS_AP/CTC/2021-22/2171246","INITIATED","WS/CTC/1942403","2021-12-29","2021-12-29","Modify Connection","01"
"Puri","WS_AP/PRI/2021-22/2171384","REJECTED","WS/PRI/1839072","2021-12-29","2022-01-10","Modify Connection","21"
"Aska","WS_AP/ASK/2021-22/2171462","CONNECTION_ACTIVATED","WS/ASK/2020343","2021-12-31","2021-12-31","Modify Connection","01"
"Sambalpur","WS_AP/SMB/2021-22/2171375","REJECTED","WS/SMB/1911688","2021-12-29","2021-12-29","Modify Connection","01"
"Aska","WS_AP/ASK/2021-22/2171484","CONNECTION_ACTIVATED","WS/ASK/2035538","2022-01-03","2022-01-03","Modify Connection","02"
"Athagarh","WS_AP/ATH/2021-22/2171468","INITIATED","WS/ATH/2170300","2022-01-01","2022-01-01","Modify Connection","18"
"Aska","WS_AP/ASK/2021-22/2171459","CONNECTION_ACTIVATED","WS/ASK/2033894","2021-12-31","2021-12-31","Modify Connection","06"
"Aska","WS_AP/ASK/2021-22/2171516","CONNECTION_ACTIVATED","WS/ASK/2028891","2022-01-03","2022-01-03","Modify Connection","03"
"Banki","WS_AP/BAN/2021-22/2171493","CONNECTION_ACTIVATED","WS/BAN/1827839","2022-01-03","2022-01-03","Modify Connection","03"
"Aska","WS_AP/ASK/2021-22/2171538","CONNECTION_ACTIVATED","WS/ASK/2028947","2022-01-04","2022-01-04","Modify Connection","06"
"Hindol","WS_AP/HND/2021-22/2171556","INITIATED","WS/HND/2148207","2022-01-04","2022-01-04","Modify Connection","13"
"Cuttack","WS_AP/CTC/2021-22/2171571","INITIATED","WS/CTC/1859009","2022-01-04","2022-01-04","Modify Connection","01"
"Aska","WS_AP/ASK/2021-22/2171581","INITIATED","WS/ASK/2020330","2022-01-04","2022-01-04","Modify Connection","01"
"Purushottampur","WS_AP/PRS/2021-22/2171677","REJECTED","WS/PRS/2096997","2022-01-06","2022-01-07","Modify Connection","06"
"Aska","WS_AP/ASK/2021-22/2171611","CONNECTION_ACTIVATED","WS/ASK/2020343","2022-01-04","2022-01-04","Modify Connection","01"
"Kamakhyanagar","WS_AP/KMN/2021-22/2171652","CONNECTION_ACTIVATED","WS/KMN/2166099","2022-01-06","2022-01-06","Modify Connection","14"
"Aska","WS_AP/ASK/2021-22/2171692","CONNECTION_ACTIVATED","WS/ASK/2030562","2022-01-06","2022-01-06","Modify Connection","10"
"Purushottampur","WS_AP/PRS/2021-22/2171703","REJECTED","WS/PRS/2100803","2022-01-06","2022-01-07","Modify Connection","10"
"Purushottampur","WS_AP/PRS/2021-22/2171704","REJECTED","WS/PRS/2097043","2022-01-06","2022-01-07","Modify Connection","09"
"Purushottampur","WS_AP/PRS/2021-22/2171706","REJECTED","WS/PRS/2093747","2022-01-06","2022-01-07","Modify Connection","08"
"Purushottampur","WS_AP/PRS/2021-22/2171707","REJECTED","WS/PRS/2094535","2022-01-06","2022-01-07","Modify Connection","04"
"Purushottampur","WS_AP/PRS/2021-22/2171708","REJECTED","WS/PRS/2096103","2022-01-06","2022-01-07","Modify Connection","11"
"Purushottampur","WS_AP/PRS/2021-22/2171701","REJECTED","WS/PRS/2097011","2022-01-06","2022-01-07","Modify Connection","07"
"Purushottampur","WS_AP/PRS/2021-22/2171705","REJECTED","WS/PRS/2098555","2022-01-06","2022-01-07","Modify Connection","12"
"Purushottampur","WS_AP/PRS/2021-22/2171718","REJECTED","WS/PRS/2094537","2022-01-06","2022-01-07","Modify Connection","03"
"Purushottampur","WS_AP/PRS/2021-22/2171721","REJECTED","WS/PRS/2096974","2022-01-06","2022-01-07","Modify Connection","05"
"Purushottampur","WS_AP/PRS/2021-22/2171725","REJECTED","WS/PRS/2096901","2022-01-06","2022-01-07","Modify Connection","11"
"Aska","WS_AP/ASK/2021-22/2171734","REJECTED","WS/ASK/2031874","2022-01-06","2022-01-07","Modify Connection","02"
"Purushottampur","WS_AP/PRS/2021-22/2171749","CONNECTION_ACTIVATED","WS/PRS/2097028","2022-01-07","2022-01-07","Modify Connection","08"
"Purushottampur","WS_AP/PRS/2021-22/2171751","CONNECTION_ACTIVATED","WS/PRS/2093767","2022-01-07","2022-01-07","Modify Connection","04"
"Purushottampur","WS_AP/PRS/2021-22/2171752","CONNECTION_ACTIVATED","WS/PRS/2098509","2022-01-07","2022-01-07","Modify Connection","12"
"Purushottampur","WS_AP/PRS/2021-22/2171754","CONNECTION_ACTIVATED","WS/PRS/2096139","2022-01-07","2022-01-07","Modify Connection","03"
"Purushottampur","WS_AP/PRS/2021-22/2171755","CONNECTION_ACTIVATED","WS/PRS/2096159","2022-01-07","2022-01-07","Modify Connection","05"
"Purushottampur","WS_AP/PRS/2021-22/2171770","CONNECTION_ACTIVATED","WS/PRS/2096554","2022-01-07","2022-01-07","Modify Connection","08"
"Purushottampur","WS_AP/PRS/2021-22/2171776","REJECTED","WS/PRS/2096556","2022-01-07","2022-01-07","Modify Connection","08"
"Cuttack","WS_AP/CTC/2021-22/2171788","CONNECTION_ACTIVATED","WS/CTC/1793920","2022-01-07","2022-01-07","Modify Connection","01"
"Purushottampur","WS_AP/PRS/2021-22/2171784","CONNECTION_ACTIVATED","WS/PRS/2094527","2022-01-07","2022-01-07","Modify Connection","03"
"Purushottampur","WS_AP/PRS/2021-22/2171786","CONNECTION_ACTIVATED","WS/PRS/2098041","2022-01-07","2022-01-07","Modify Connection","05"
"Purushottampur","WS_AP/PRS/2021-22/2171823","CONNECTION_ACTIVATED","WS/PRS/2096575","2022-01-07","2022-01-07","Modify Connection","02"
"Purushottampur","WS_AP/PRS/2021-22/2171672","REJECTED","WS/PRS/2096525","2022-01-06","2022-01-07","Modify Connection","07"
"Purushottampur","WS_AP/PRS/2021-22/2171671","REJECTED","WS/PRS/2096716","2022-01-06","2022-01-07","Modify Connection","08"
"Purushottampur","WS_AP/PRS/2021-22/2171693","REJECTED","WS/PRS/2097002","2022-01-06","2022-01-07","Modify Connection","07"
"Purushottampur","WS_AP/PRS/2021-22/2171699","REJECTED","WS/PRS/2097008","2022-01-06","2022-01-07","Modify Connection","07"
"Purushottampur","WS_AP/PRS/2021-22/2171716","REJECTED","WS/PRS/2096972","2022-01-06","2022-01-07","Modify Connection","12"
"Purushottampur","WS_AP/PRS/2021-22/2171713","REJECTED","WS/PRS/2098650","2022-01-06","2022-01-07","Modify Connection","07"
"Purushottampur","WS_AP/PRS/2021-22/2171728","INITIATED","WS/PRS/2096990","2022-01-06","2022-01-06","Modify Connection","06"
"Banki","WS_AP/BAN/2021-22/2171729","CONNECTION_ACTIVATED","WS/BAN/1827053","2022-01-06","2022-01-06","Modify Connection","05"
"Purushottampur","WS_AP/PRS/2021-22/2171746","CONNECTION_ACTIVATED","WS/PRS/2096195","2022-01-07","2022-01-07","Modify Connection","09"
"Purushottampur","WS_AP/PRS/2021-22/2171748","CONNECTION_ACTIVATED","WS/PRS/2097025","2022-01-07","2022-01-07","Modify Connection","12"
"Purushottampur","WS_AP/PRS/2021-22/2171744","REJECTED","WS/PRS/2096907","2022-01-07","2022-01-07","Modify Connection","08"
"Purushottampur","WS_AP/PRS/2021-22/2171759","CONNECTION_ACTIVATED","WS/PRS/2098040","2022-01-07","2022-01-07","Modify Connection","03"
"Purushottampur","WS_AP/PRS/2021-22/2171761","CONNECTION_ACTIVATED","WS/PRS/2096551","2022-01-07","2022-01-07","Modify Connection","07"
"Purushottampur","WS_AP/PRS/2021-22/2171764","CONNECTION_ACTIVATED","WS/PRS/2096156","2022-01-07","2022-01-07","Modify Connection","03"
"Purushottampur","WS_AP/PRS/2021-22/2171767","CONNECTION_ACTIVATED","WS/PRS/2093770","2022-01-07","2022-01-07","Modify Connection","04"
"Purushottampur","WS_AP/PRS/2021-22/2171804","INITIATED","WS/PRS/2094540","2022-01-07","2022-01-07","Modify Connection","05"
"Aska","WS_AP/ASK/2021-22/2171806","CONNECTION_ACTIVATED","WS/ASK/2031874","2022-01-07","2022-01-07","Modify Connection","02"
"Purushottampur","WS_AP/PRS/2021-22/2171830","CONNECTION_ACTIVATED","WS/PRS/2094168","2022-01-07","2022-01-07","Modify Connection","08"
"Purushottampur","WS_AP/PRS/2021-22/2171831","CONNECTION_ACTIVATED","WS/PRS/2096577","2022-01-07","2022-01-07","Modify Connection","05"
"Purushottampur","WS_AP/PRS/2021-22/2171832","CONNECTION_ACTIVATED","WS/PRS/2093906","2022-01-07","2022-01-07","Modify Connection","04"
"Purushottampur","WS_AP/PRS/2021-22/2171833","CONNECTION_ACTIVATED","WS/PRS/2098481","2022-01-07","2022-01-07","Modify Connection","05"
"Purushottampur","WS_AP/PRS/2021-22/2171834","CONNECTION_ACTIVATED","WS/PRS/2098594","2022-01-07","2022-01-07","Modify Connection","10"
"Purushottampur","WS_AP/PRS/2021-22/2171835","CONNECTION_ACTIVATED","WS/PRS/2095690","2022-01-07","2022-01-07","Modify Connection","06"
"Purushottampur","WS_AP/PRS/2021-22/2171836","CONNECTION_ACTIVATED","WS/PRS/2096533","2022-01-07","2022-01-07","Modify Connection","05"
"Aska","WS_AP/ASK/2021-22/2171846","CONNECTION_ACTIVATED","WS/ASK/2029403","2022-01-07","2022-01-07","Modify Connection","13"
"Purushottampur","WS_AP/PRS/2021-22/2171838","CONNECTION_ACTIVATED","WS/PRS/2095907","2022-01-07","2022-01-07","Modify Connection","03"
"Purushottampur","WS_AP/PRS/2021-22/2171789","CONNECTION_ACTIVATED","WS/PRS/2096558","2022-01-07","2022-01-07","Modify Connection","05"
"Purushottampur","WS_AP/PRS/2021-22/2173158","INITIATED","WS/PRS/2095424","2022-01-17","2022-01-17","Modify Connection","02"
"Purushottampur","WS_AP/PRS/2021-22/2171799","CONNECTION_ACTIVATED","WS/PRS/2093771","2022-01-07","2022-01-07","Modify Connection","03"
"Purushottampur","WS_AP/PRS/2021-22/2171809","CONNECTION_ACTIVATED","WS/PRS/2098652","2022-01-07","2022-01-07","Modify Connection","10"
"Purushottampur","WS_AP/PRS/2021-22/2171837","CONNECTION_ACTIVATED","WS/PRS/2098654","2022-01-07","2022-01-07","Modify Connection","03"
"Purushottampur","WS_AP/PRS/2021-22/2171819","REJECTED","WS/PRS/2096560","2022-01-07","2022-01-07","Modify Connection","10"
"Purushottampur","WS_AP/PRS/2021-22/2174238","CONNECTION_ACTIVATED","WS/PRS/2094624","2022-01-19","2022-01-19","Modify Connection","13"
"Purushottampur","WS_AP/PRS/2021-22/2171968","PENDING_FOR_APPROVAL","WS/PRS/2096997","2022-01-10","2022-01-10","Modify Connection","06"
"Purushottampur","WS_AP/PRS/2021-22/2171978","CONNECTION_ACTIVATED","WS/PRS/2100803","2022-01-10","2022-01-10","Modify Connection","10"
"Purushottampur","WS_AP/PRS/2021-22/2172006","CONNECTION_ACTIVATED","WS/PRS/2096586","2022-01-10","2022-01-10","Modify Connection","03"
"Purushottampur","WS_AP/PRS/2021-22/2172028","INITIATED","WS/PRS/2096206","2022-01-10","2022-01-10","Modify Connection","09"
"Purushottampur","WS_AP/PRS/2021-22/2172024","REJECTED","WS/PRS/2098046","2022-01-10","2022-01-11","Modify Connection","03"
"Purushottampur","WS_AP/PRS/2021-22/2172026","REJECTED","WS/PRS/2096203","2022-01-10","2022-01-11","Modify Connection","05"
"Purushottampur","WS_AP/PRS/2021-22/2172031","REJECTED","WS/PRS/2096515","2022-01-10","2022-01-11","Modify Connection","03"
"Purushottampur","WS_AP/PRS/2021-22/2172032","REJECTED","WS/PRS/2097018","2022-01-10","2022-01-11","Modify Connection","02"
"Purushottampur","WS_AP/PRS/2021-22/2171994","INITIATED","WS/PRS/2094535","2022-01-10","2022-01-10","Modify Connection","04"
"Purushottampur","WS_AP/PRS/2021-22/2171990","REJECTED","WS/PRS/2093747","2022-01-10","2022-01-11","Modify Connection","08"
"Purushottampur","WS_AP/PRS/2021-22/2172012","INITIATED","WS/PRS/2096590","2022-01-10","2022-01-10","Modify Connection","09"
"Purushottampur","WS_AP/PRS/2021-22/2172014","INITIATED","WS/PRS/2096590","2022-01-10","2022-01-10","Modify Connection","09"
"Purushottampur","WS_AP/PRS/2021-22/2172025","INITIATED","WS/PRS/2098048","2022-01-10","2022-01-10","Modify Connection","05"
"Aska","WS_AP/ASK/2021-22/2172011","CONNECTION_ACTIVATED","WS/ASK/2020348","2022-01-10","2022-01-10","Modify Connection","13"
"Purushottampur","WS_AP/PRS/2021-22/2172021","REJECTED","WS/PRS/2096154","2022-01-10","2022-01-11","Modify Connection","06"
"Purushottampur","WS_AP/PRS/2021-22/2172020","REJECTED","WS/PRS/2096590","2022-01-10","2022-01-11","Modify Connection","09"
"Aska","WS_AP/ASK/2021-22/2172034","INITIATED","WS/ASK/2025175","2022-01-10","2022-01-10","Modify Connection","17"
"Purushottampur","WS_AP/PRS/2021-22/2171963","INITIATED","WS/PRS/2096716","2022-01-10","2022-01-10","Modify Connection","08"
"Kamakhyanagar","WS_AP/KMN/2021-22/2171966","INITIATED","WS/KMN/2164788","2022-01-10","2022-01-10","Modify Connection","12"
"Purushottampur","WS_AP/PRS/2021-22/2172002","PENDING_FOR_APPROVAL","WS/PRS/2098655","2022-01-10","2022-01-10","Modify Connection","09"
"Aska","WS_AP/ASK/2021-22/2172036","CONNECTION_ACTIVATED","WS/ASK/2025175","2022-01-10","2022-01-10","Modify Connection","17"
"Purushottampur","WS_AP/PRS/2021-22/2172030","REJECTED","WS/PRS/2098050","2022-01-10","2022-01-11","Modify Connection","07"
"Purushottampur","WS_AP/PRS/2021-22/2173049","INITIATED","WS/PRS/2094183","2022-01-17","2022-01-17","Modify Connection","13"
"Purushottampur","WS_AP/PRS/2021-22/2173051","INITIATED","WS/PRS/2094181","2022-01-17","2022-01-17","Modify Connection","13"
"Purushottampur","WS_AP/PRS/2021-22/2171972","INITIATED","WS/PRS/2097008","2022-01-10","2022-01-10","Modify Connection","07"
"Kamakhyanagar","WS_AP/KMN/2021-22/2171969","INITIATED","WS/KMN/2164788","2022-01-10","2022-01-10","Modify Connection","12"
"Purushottampur","WS_AP/PRS/2021-22/2172041","CONNECTION_ACTIVATED","WS/PRS/2096988","2022-01-11","2022-01-11","Modify Connection","09"
"Purushottampur","WS_AP/PRS/2021-22/2173055","INITIATED","WS/PRS/2094183","2022-01-17","2022-01-17","Modify Connection","13"
"Purushottampur","WS_AP/PRS/2021-22/2171970","INITIATED","WS/PRS/2097002","2022-01-10","2022-01-10","Modify Connection","07"
"Purushottampur","WS_AP/PRS/2021-22/2171964","CONNECTION_ACTIVATED","WS/PRS/2096525","2022-01-10","2022-01-10","Modify Connection","07"
"Purushottampur","WS_AP/PRS/2021-22/2171976","CONNECTION_ACTIVATED","WS/PRS/2097043","2022-01-10","2022-01-10","Modify Connection","09"
"Purushottampur","WS_AP/PRS/2021-22/2172054","CONNECTION_ACTIVATED","WS/PRS/2098658","2022-01-11","2022-01-11","Modify Connection","02"
"Purushottampur","WS_AP/PRS/2021-22/2172057","CONNECTION_ACTIVATED","WS/PRS/2095791","2022-01-11","2022-01-11","Modify Connection","08"
"Purushottampur","WS_AP/PRS/2021-22/2172046","CONNECTION_ACTIVATED","WS/PRS/2098657","2022-01-11","2022-01-11","Modify Connection","07"
"Purushottampur","WS_AP/PRS/2021-22/2172052","CONNECTION_ACTIVATED","WS/PRS/2094124","2022-01-11","2022-01-11","Modify Connection","08"
"Puri","WS_AP/PRI/2021-22/2171973","PENDING_FOR_APPROVAL","WS/PRI/1822293","2022-01-10","2022-01-10","Modify Connection","15"
"Purushottampur","WS_AP/PRS/2021-22/2171974","PENDING_FOR_APPROVAL","WS/PRS/2097011","2022-01-10","2022-01-10","Modify Connection","07"
"Purushottampur","WS_AP/PRS/2021-22/2172069","CONNECTION_ACTIVATED","WS/PRS/2096193","2022-01-11","2022-01-11","Modify Connection","10"
"Purushottampur","WS_AP/PRS/2021-22/2172066","CONNECTION_ACTIVATED","WS/PRS/2098533","2022-01-11","2022-01-11","Modify Connection","05"
"Purushottampur","WS_AP/PRS/2021-22/2172068","CONNECTION_ACTIVATED","WS/PRS/2101359","2022-01-11","2022-01-11","Modify Connection","08"
"Purushottampur","WS_AP/PRS/2021-22/2172073","CONNECTION_ACTIVATED","WS/PRS/2096582","2022-01-11","2022-01-11","Modify Connection","08"
"Purushottampur","WS_AP/PRS/2021-22/2172059","CONNECTION_ACTIVATED","WS/PRS/2095795","2022-01-11","2022-01-11","Modify Connection","12"
"Purushottampur","WS_AP/PRS/2021-22/2172062","CONNECTION_ACTIVATED","WS/PRS/2094504","2022-01-11","2022-01-11","Modify Connection","08"
"Purushottampur","WS_AP/PRS/2021-22/2172063","CONNECTION_ACTIVATED","WS/PRS/2100187","2022-01-11","2022-01-11","Modify Connection","07"
"Purushottampur","WS_AP/PRS/2021-22/2172074","CONNECTION_ACTIVATED","WS/PRS/2097060","2022-01-11","2022-01-11","Modify Connection","09"
"Purushottampur","WS_AP/PRS/2021-22/2172079","CONNECTION_ACTIVATED","WS/PRS/2094519","2022-01-11","2022-01-11","Modify Connection","08"
"Purushottampur","WS_AP/PRS/2021-22/2172084","CONNECTION_ACTIVATED","WS/PRS/2096262","2022-01-11","2022-01-11","Modify Connection","11"
"Purushottampur","WS_AP/PRS/2021-22/2172095","CONNECTION_ACTIVATED","WS/PRS/2096598","2022-01-11","2022-01-11","Modify Connection","09"
"Purushottampur","WS_AP/PRS/2021-22/2172087","CONNECTION_ACTIVATED","WS/PRS/2098000","2022-01-11","2022-01-11","Modify Connection","08"
"Purushottampur","WS_AP/PRS/2021-22/2172091","CONNECTION_ACTIVATED","WS/PRS/2096596","2022-01-11","2022-01-11","Modify Connection","03"
"Purushottampur","WS_AP/PRS/2021-22/2172108","CONNECTION_ACTIVATED","WS/PRS/2096603","2022-01-11","2022-01-11","Modify Connection","10"
"Purushottampur","WS_AP/PRS/2021-22/2172104","CONNECTION_ACTIVATED","WS/PRS/2096601","2022-01-11","2022-01-11","Modify Connection","10"
"Purushottampur","WS_AP/PRS/2021-22/2172121","CONNECTION_ACTIVATED","WS/PRS/2096529","2022-01-11","2022-01-11","Modify Connection","14"
"Purushottampur","WS_AP/PRS/2021-22/2172134","CONNECTION_ACTIVATED","WS/PRS/2098005","2022-01-11","2022-01-11","Modify Connection","11"
"Purushottampur","WS_AP/PRS/2021-22/2172140","REJECTED","WS/PRS/2095896","2022-01-11","2022-01-11","Modify Connection","03"
"Purushottampur","WS_AP/PRS/2021-22/2172142","REJECTED","WS/PRS/2095899","2022-01-11","2022-01-11","Modify Connection","11"
"Purushottampur","WS_AP/PRS/2021-22/2172208","CONNECTION_ACTIVATED","WS/PRS/2097943","2022-01-12","2022-01-12","Modify Connection","05"
"Purushottampur","WS_AP/PRS/2021-22/2172044","CONNECTION_ACTIVATED","WS/PRS/2097057","2022-01-11","2022-01-11","Modify Connection","09"
"Purushottampur","WS_AP/PRS/2021-22/2172123","CONNECTION_ACTIVATED","WS/PRS/2097936","2022-01-11","2022-01-11","Modify Connection","12"
"Purushottampur","WS_AP/PRS/2021-22/2172125","CONNECTION_ACTIVATED","WS/PRS/2096217","2022-01-11","2022-01-11","Modify Connection","10"
"Purushottampur","WS_AP/PRS/2021-22/2172136","REJECTED","WS/PRS/2096697","2022-01-11","2022-01-11","Modify Connection","12"
"Purushottampur","WS_AP/PRS/2021-22/2172043","CONNECTION_ACTIVATED","WS/PRS/2097054","2022-01-11","2022-01-11","Modify Connection","09"
"Purushottampur","WS_AP/PRS/2021-22/2172151","CONNECTION_ACTIVATED","WS/PRS/2096253","2022-01-11","2022-01-11","Modify Connection","02"
"Purushottampur","WS_AP/PRS/2021-22/2172215","CONNECTION_ACTIVATED","WS/PRS/2096513","2022-01-12","2022-01-12","Modify Connection","14"
"Purushottampur","WS_AP/PRS/2021-22/2172217","CONNECTION_ACTIVATED","WS/PRS/2096219","2022-01-12","2022-01-12","Modify Connection","12"
"Purushottampur","WS_AP/PRS/2021-22/2172220","CONNECTION_ACTIVATED","WS/PRS/2098507","2022-01-12","2022-01-12","Modify Connection","13"
"Purushottampur","WS_AP/PRS/2021-22/2172222","CONNECTION_ACTIVATED","WS/PRS/2093654","2022-01-12","2022-01-12","Modify Connection","08"
"Purushottampur","WS_AP/PRS/2021-22/2172226","CONNECTION_ACTIVATED","WS/PRS/2094560","2022-01-12","2022-01-12","Modify Connection","14"
"Purushottampur","WS_AP/PRS/2021-22/2172230","CONNECTION_ACTIVATED","WS/PRS/2094529","2022-01-12","2022-01-12","Modify Connection","04"
"Purushottampur","WS_AP/PRS/2021-22/2172129","CONNECTION_ACTIVATED","WS/PRS/2098003","2022-01-11","2022-01-11","Modify Connection","11"
"Purushottampur","WS_AP/PRS/2021-22/2172211","CONNECTION_ACTIVATED","WS/PRS/2098506","2022-01-12","2022-01-12","Modify Connection","04"
"Purushottampur","WS_AP/PRS/2021-22/2172212","CONNECTION_ACTIVATED","WS/PRS/2096416","2022-01-12","2022-01-12","Modify Connection","14"
"Purushottampur","WS_AP/PRS/2021-22/2172216","CONNECTION_ACTIVATED","WS/PRS/2096317","2022-01-12","2022-01-12","Modify Connection","05"
"Purushottampur","WS_AP/PRS/2021-22/2172219","CONNECTION_ACTIVATED","WS/PRS/2096236","2022-01-12","2022-01-12","Modify Connection","08"
"Purushottampur","WS_AP/PRS/2021-22/2172224","CONNECTION_ACTIVATED","WS/PRS/2094084","2022-01-12","2022-01-12","Modify Connection","08"
"Purushottampur","WS_AP/PRS/2021-22/2172209","CONNECTION_ACTIVATED","WS/PRS/2095960","2022-01-12","2022-01-12","Modify Connection","06"
"Purushottampur","WS_AP/PRS/2021-22/2172233","CONNECTION_ACTIVATED","WS/PRS/2094532","2022-01-12","2022-01-12","Modify Connection","04"
"Purushottampur","WS_AP/PRS/2021-22/2172235","CONNECTION_ACTIVATED","WS/PRS/2094513","2022-01-12","2022-01-12","Modify Connection","04"
"Purushottampur","WS_AP/PRS/2021-22/2172244","CONNECTION_ACTIVATED","WS/PRS/2097031","2022-01-12","2022-01-12","Modify Connection","05"
"Purushottampur","WS_AP/PRS/2021-22/2172241","CONNECTION_ACTIVATED","WS/PRS/2093896","2022-01-12","2022-01-12","Modify Connection","04"
"Purushottampur","WS_AP/PRS/2021-22/2172236","CONNECTION_ACTIVATED","WS/PRS/2094077","2022-01-12","2022-01-12","Modify Connection","02"
"Purushottampur","WS_AP/PRS/2021-22/2172239","CONNECTION_ACTIVATED","WS/PRS/2096550","2022-01-12","2022-01-12","Modify Connection","11"
"Purushottampur","WS_AP/PRS/2021-22/2172243","CONNECTION_ACTIVATED","WS/PRS/2094247","2022-01-12","2022-01-12","Modify Connection","14"
"Purushottampur","WS_AP/PRS/2021-22/2172257","CONNECTION_ACTIVATED","WS/PRS/2093658","2022-01-12","2022-01-12","Modify Connection","04"
"Purushottampur","WS_AP/PRS/2021-22/2172251","CONNECTION_ACTIVATED","WS/PRS/2094105","2022-01-12","2022-01-12","Modify Connection","04"
"Purushottampur","WS_AP/PRS/2021-22/2172254","CONNECTION_ACTIVATED","WS/PRS/2094279","2022-01-12","2022-01-12","Modify Connection","08"
"Purushottampur","WS_AP/PRS/2021-22/2172260","CONNECTION_ACTIVATED","WS/PRS/2093899","2022-01-12","2022-01-12","Modify Connection","04"
"Purushottampur","WS_AP/PRS/2021-22/2172246","CONNECTION_ACTIVATED","WS/PRS/2096543","2022-01-12","2022-01-12","Modify Connection","05"
"Purushottampur","WS_AP/PRS/2021-22/2172272","CONNECTION_ACTIVATED","WS/PRS/2093718","2022-01-12","2022-01-12","Modify Connection","06"
"Purushottampur","WS_AP/PRS/2021-22/2172270","CONNECTION_ACTIVATED","WS/PRS/2093902","2022-01-12","2022-01-12","Modify Connection","04"
"Purushottampur","WS_AP/PRS/2021-22/2172267","CONNECTION_ACTIVATED","WS/PRS/2096588","2022-01-12","2022-01-12","Modify Connection","03"
"Purushottampur","WS_AP/PRS/2021-22/2172273","CONNECTION_ACTIVATED","WS/PRS/2096239","2022-01-12","2022-01-12","Modify Connection","08"
"Purushottampur","WS_AP/PRS/2021-22/2172290","CONNECTION_ACTIVATED","WS/PRS/2094078","2022-01-12","2022-01-12","Modify Connection","02"
"Purushottampur","WS_AP/PRS/2021-22/2172275","CONNECTION_ACTIVATED","WS/PRS/2094524","2022-01-12","2022-01-12","Modify Connection","04"
"Purushottampur","WS_AP/PRS/2021-22/2172293","CONNECTION_ACTIVATED","WS/PRS/2096133","2022-01-12","2022-01-12","Modify Connection","06"
"Purushottampur","WS_AP/PRS/2021-22/2172301","CONNECTION_ACTIVATED","WS/PRS/2094141","2022-01-12","2022-01-12","Modify Connection","04"
"Purushottampur","WS_AP/PRS/2021-22/2172295","CONNECTION_ACTIVATED","WS/PRS/2096904","2022-01-12","2022-01-12","Modify Connection","03"
"Purushottampur","WS_AP/PRS/2021-22/2172299","CONNECTION_ACTIVATED","WS/PRS/2096517","2022-01-12","2022-01-12","Modify Connection","06"
"Purushottampur","WS_AP/PRS/2021-22/2172284","CONNECTION_ACTIVATED","WS/PRS/2094259","2022-01-12","2022-01-12","Modify Connection","04"
"Purushottampur","WS_AP/PRS/2021-22/2172287","CONNECTION_ACTIVATED","WS/PRS/2094595","2022-01-12","2022-01-12","Modify Connection","14"
"Purushottampur","WS_AP/PRS/2021-22/2172307","CONNECTION_ACTIVATED","WS/PRS/2096098","2022-01-12","2022-01-12","Modify Connection","06"
"Purushottampur","WS_AP/PRS/2021-22/2172333","CONNECTION_ACTIVATED","WS/PRS/2096225","2022-01-13","2022-01-13","Modify Connection","09"
"Purushottampur","WS_AP/PRS/2021-22/2172334","CONNECTION_ACTIVATED","WS/PRS/2098615","2022-01-13","2022-01-13","Modify Connection","02"
"Purushottampur","WS_AP/PRS/2021-22/2172332","REJECTED","WS/PRS/2096233","2022-01-13","2022-01-13","Modify Connection","09"
"Purushottampur","WS_AP/PRS/2021-22/2172347","CONNECTION_ACTIVATED","WS/PRS/2093741","2022-01-13","2022-01-13","Modify Connection","12"
"Purushottampur","WS_AP/PRS/2021-22/2172340","CONNECTION_ACTIVATED","WS/PRS/2093656","2022-01-13","2022-01-13","Modify Connection","10"
"Purushottampur","WS_AP/PRS/2021-22/2172336","CONNECTION_ACTIVATED","WS/PRS/2096067","2022-01-13","2022-01-13","Modify Connection","02"
"Purushottampur","WS_AP/PRS/2021-22/2172351","CONNECTION_ACTIVATED","WS/PRS/2095748","2022-01-13","2022-01-13","Modify Connection","10"
"Purushottampur","WS_AP/PRS/2021-22/2172344","CONNECTION_ACTIVATED","WS/PRS/2094608","2022-01-13","2022-01-13","Modify Connection","14"
"Purushottampur","WS_AP/PRS/2021-22/2172359","REJECTED","WS/PRS/2095751","2022-01-13","2022-01-13","Modify Connection","08"
"Purushottampur","WS_AP/PRS/2021-22/2172363","CONNECTION_ACTIVATED","WS/PRS/2095556","2022-01-13","2022-01-13","Modify Connection","08"
"Purushottampur","WS_AP/PRS/2021-22/2172368","CONNECTION_ACTIVATED","WS/PRS/2094117","2022-01-13","2022-01-13","Modify Connection","04"
"Purushottampur","WS_AP/PRS/2021-22/2172372","CONNECTION_ACTIVATED","WS/PRS/2096209","2022-01-13","2022-01-13","Modify Connection","04"
"Purushottampur","WS_AP/PRS/2021-22/2172380","CONNECTION_ACTIVATED","WS/PRS/2093794","2022-01-13","2022-01-13","Modify Connection","14"
"Purushottampur","WS_AP/PRS/2021-22/2172386","CONNECTION_ACTIVATED","WS/PRS/2094119","2022-01-13","2022-01-13","Modify Connection","04"
"Purushottampur","WS_AP/PRS/2021-22/2172395","CONNECTION_ACTIVATED","WS/PRS/2095754","2022-01-13","2022-01-13","Modify Connection","12"
"Purushottampur","WS_AP/PRS/2021-22/2172416","REJECTED","WS/PRS/2094969","2022-01-13","2022-01-13","Modify Connection","10"
"Purushottampur","WS_AP/PRS/2021-22/2172399","REJECTED","WS/PRS/2093803","2022-01-13","2022-01-13","Modify Connection","14"
"Purushottampur","WS_AP/PRS/2021-22/2172463","REJECTED","WS/PRS/2094955","2022-01-13","2022-01-13","Modify Connection","07"
"Purushottampur","WS_AP/PRS/2021-22/2172441","CONNECTION_ACTIVATED","WS/PRS/2095459","2022-01-13","2022-01-13","Modify Connection","10"
"Purushottampur","WS_AP/PRS/2021-22/2172405","REJECTED","WS/PRS/2100616","2022-01-13","2022-01-13","Modify Connection","14"
"Purushottampur","WS_AP/PRS/2021-22/2172464","REJECTED","WS/PRS/2094694","2022-01-13","2022-01-13","Modify Connection","02"
"Puri","WS_AP/PRI/2021-22/2172472","PENDING_FOR_APPROVAL","WS/PRI/2140136","2022-01-13","2022-01-13","Modify Connection","02"
"Puri","WS_AP/PRI/2021-22/2172457","INITIATED","WS/PRI/1839072","2022-01-13","2022-01-13","Modify Connection","21"
"Purushottampur","WS_AP/PRS/2021-22/2172450","REJECTED","WS/PRS/2101696","2022-01-13","2022-01-13","Modify Connection","09"
"Purushottampur","WS_AP/PRS/2021-22/2172454","REJECTED","WS/PRS/2095129","2022-01-13","2022-01-13","Modify Connection","09"
"Purushottampur","WS_AP/PRS/2021-22/2172466","REJECTED","WS/PRS/2094717","2022-01-13","2022-01-13","Modify Connection","02"
"Purushottampur","WS_AP/PRS/2021-22/2172468","REJECTED","WS/PRS/2095427","2022-01-13","2022-01-13","Modify Connection","09"
"Purushottampur","WS_AP/PRS/2021-22/2172470","REJECTED","WS/PRS/2093755","2022-01-13","2022-01-13","Modify Connection","04"
"Purushottampur","WS_AP/PRS/2021-22/2172471","REJECTED","WS/PRS/2095538","2022-01-13","2022-01-13","Modify Connection","07"
"Purushottampur","WS_AP/PRS/2021-22/2172474","REJECTED","WS/PRS/2094162","2022-01-13","2022-01-13","Modify Connection","14"
"Purushottampur","WS_AP/PRS/2021-22/2172475","REJECTED","WS/PRS/2094164","2022-01-13","2022-01-13","Modify Connection","14"
"Purushottampur","WS_AP/PRS/2021-22/2172480","CONNECTION_ACTIVATED","WS/PRS/2093675","2022-01-13","2022-01-13","Modify Connection","04"
"Purushottampur","WS_AP/PRS/2021-22/2172481","REJECTED","WS/PRS/2093756","2022-01-13","2022-01-13","Modify Connection","04"
"Purushottampur","WS_AP/PRS/2021-22/2172498","CONNECTION_ACTIVATED","WS/PRS/2095544","2022-01-13","2022-01-13","Modify Connection","04"
"Purushottampur","WS_AP/PRS/2021-22/2172495","REJECTED","WS/PRS/2094134","2022-01-13","2022-01-13","Modify Connection","04"
"Purushottampur","WS_AP/PRS/2021-22/2172409","REJECTED","WS/PRS/2094965","2022-01-13","2022-01-13","Modify Connection","10"
"Purushottampur","WS_AP/PRS/2021-22/2172461","CONNECTION_ACTIVATED","WS/PRS/2093805","2022-01-13","2022-01-13","Modify Connection","14"
"Purushottampur","WS_AP/PRS/2021-22/2172500","CONNECTION_ACTIVATED","WS/PRS/2094493","2022-01-13","2022-01-13","Modify Connection","04"
"Purushottampur","WS_AP/PRS/2021-22/2172375","CONNECTION_ACTIVATED","WS/PRS/2095558","2022-01-13","2022-01-13","Modify Connection","11"
"Bhubaneswar","WS_AP/BMC/2021-22/2172492","PENDING_FOR_APPROVAL","WS/BMC/1500951","2022-01-13","2022-01-13","Close Connection","24"
"Purushottampur","WS_AP/PRS/2021-22/2172390","CONNECTION_ACTIVATED","WS/PRS/2093798","2022-01-13","2022-01-13","Modify Connection","13"
"Purushottampur","WS_AP/PRS/2021-22/2172503","CONNECTION_ACTIVATED","WS/PRS/2095411","2022-01-13","2022-01-13","Modify Connection","07"
"Purushottampur","WS_AP/PRS/2021-22/2172505","CONNECTION_ACTIVATED","WS/PRS/2095377","2022-01-13","2022-01-13","Modify Connection","07"
"Purushottampur","WS_AP/PRS/2021-22/2172504","CONNECTION_ACTIVATED","WS/PRS/2095412","2022-01-13","2022-01-13","Modify Connection","11"
"Purushottampur","WS_AP/PRS/2021-22/2172479","CONNECTION_ACTIVATED","WS/PRS/2094275","2022-01-13","2022-01-13","Modify Connection","04"
"Purushottampur","WS_AP/PRS/2021-22/2172507","REJECTED","WS/PRS/2095379","2022-01-13","2022-01-13","Modify Connection","07"
"Purushottampur","WS_AP/PRS/2021-22/2172516","CONNECTION_ACTIVATED","WS/PRS/2094146","2022-01-13","2022-01-13","Modify Connection","04"
"Purushottampur","WS_AP/PRS/2021-22/2172501","CONNECTION_ACTIVATED","WS/PRS/2094143","2022-01-13","2022-01-13","Modify Connection","04"
"Purushottampur","WS_AP/PRS/2021-22/2172509","CONNECTION_ACTIVATED","WS/PRS/2094947","2022-01-13","2022-01-13","Modify Connection","07"
"Purushottampur","WS_AP/PRS/2021-22/2172512","CONNECTION_ACTIVATED","WS/PRS/2093744","2022-01-13","2022-01-13","Modify Connection","09"
"Purushottampur","WS_AP/PRS/2021-22/2172525","CONNECTION_ACTIVATED","WS/PRS/2095136","2022-01-13","2022-01-13","Modify Connection","11"
"Purushottampur","WS_AP/PRS/2021-22/2172493","CONNECTION_ACTIVATED","WS/PRS/2093677","2022-01-13","2022-01-13","Modify Connection","04"
"Purushottampur","WS_AP/PRS/2021-22/2172531","CONNECTION_ACTIVATED","WS/PRS/2094148","2022-01-13","2022-01-13","Modify Connection","09"
"Purushottampur","WS_AP/PRS/2021-22/2172532","CONNECTION_ACTIVATED","WS/PRS/2095497","2022-01-13","2022-01-13","Modify Connection","12"
"Purushottampur","WS_AP/PRS/2021-22/2172530","CONNECTION_ACTIVATED","WS/PRS/2094496","2022-01-13","2022-01-13","Modify Connection","03"
"Purushottampur","WS_AP/PRS/2021-22/2172526","CONNECTION_ACTIVATED","WS/PRS/2095139","2022-01-13","2022-01-13","Modify Connection","02"
"Purushottampur","WS_AP/PRS/2021-22/2172527","CONNECTION_ACTIVATED","WS/PRS/2093642","2022-01-13","2022-01-13","Modify Connection","04"
"Purushottampur","WS_AP/PRS/2021-22/2172528","CONNECTION_ACTIVATED","WS/PRS/2095493","2022-01-13","2022-01-13","Modify Connection","03"
"Purushottampur","WS_AP/PRS/2021-22/2172529","CONNECTION_ACTIVATED","WS/PRS/2095384","2022-01-13","2022-01-13","Modify Connection","03"
"Purushottampur","WS_AP/PRS/2021-22/2172523","CONNECTION_ACTIVATED","WS/PRS/2094952","2022-01-13","2022-01-13","Modify Connection","07"
"Purushottampur","WS_AP/PRS/2021-22/2172524","CONNECTION_ACTIVATED","WS/PRS/2095433","2022-01-13","2022-01-13","Modify Connection","03"
"Purushottampur","WS_AP/PRS/2021-22/2173085","INITIATED","WS/PRS/2095526","2022-01-17","2022-01-17","Modify Connection","03"
"Purushottampur","WS_AP/PRS/2021-22/2172677","CONNECTION_ACTIVATED","WS/PRS/2094166","2022-01-15","2022-01-15","Modify Connection","14"
"Purushottampur","WS_AP/PRS/2021-22/2172693","CONNECTION_ACTIVATED","WS/PRS/2094616","2022-01-15","2022-01-15","Modify Connection","14"
"Purushottampur","WS_AP/PRS/2021-22/2172697","CONNECTION_ACTIVATED","WS/PRS/2094704","2022-01-15","2022-01-15","Modify Connection","14"
"Purushottampur","WS_AP/PRS/2021-22/2172683","CONNECTION_ACTIVATED","WS/PRS/2095142","2022-01-15","2022-01-15","Modify Connection","02"
"Purushottampur","WS_AP/PRS/2021-22/2172686","CONNECTION_ACTIVATED","WS/PRS/2095145","2022-01-15","2022-01-15","Modify Connection","03"
"Purushottampur","WS_AP/PRS/2021-22/2172699","CONNECTION_ACTIVATED","WS/PRS/2093661","2022-01-15","2022-01-15","Modify Connection","09"
"Purushottampur","WS_AP/PRS/2021-22/2172715","CONNECTION_ACTIVATED","WS/PRS/2093663","2022-01-15","2022-01-15","Modify Connection","10"
"Purushottampur","WS_AP/PRS/2021-22/2172718","CONNECTION_ACTIVATED","WS/PRS/2094154","2022-01-15","2022-01-15","Modify Connection","04"
"Purushottampur","WS_AP/PRS/2021-22/2172690","CONNECTION_ACTIVATED","WS/PRS/2095534","2022-01-15","2022-01-15","Modify Connection","03"
"Purushottampur","WS_AP/PRS/2021-22/2172705","CONNECTION_ACTIVATED","WS/PRS/2094697","2022-01-15","2022-01-15","Modify Connection","11"
"Purushottampur","WS_AP/PRS/2021-22/2172706","CONNECTION_ACTIVATED","WS/PRS/2094081","2022-01-15","2022-01-15","Modify Connection","11"
"Purushottampur","WS_AP/PRS/2021-22/2172719","CONNECTION_ACTIVATED","WS/PRS/2095127","2022-01-15","2022-01-15","Modify Connection","07"
"Purushottampur","WS_AP/PRS/2021-22/2172723","CONNECTION_ACTIVATED","WS/PRS/2095164","2022-01-15","2022-01-15","Modify Connection","09"
"Purushottampur","WS_AP/PRS/2021-22/2172721","CONNECTION_ACTIVATED","WS/PRS/2094176","2022-01-15","2022-01-15","Modify Connection","13"
"Purushottampur","WS_AP/PRS/2021-22/2172790","CONNECTION_ACTIVATED","WS/PRS/2095438","2022-01-15","2022-01-15","Modify Connection","08"
"Purushottampur","WS_AP/PRS/2021-22/2172773","CONNECTION_ACTIVATED","WS/PRS/2095168","2022-01-15","2022-01-15","Modify Connection","11"
"Purushottampur","WS_AP/PRS/2021-22/2172826","CONNECTION_ACTIVATED","WS/PRS/2094178","2022-01-15","2022-01-15","Modify Connection","13"
"Purushottampur","WS_AP/PRS/2021-22/2172793","CONNECTION_ACTIVATED","WS/PRS/2093750","2022-01-15","2022-01-15","Modify Connection","04"
"Purushottampur","WS_AP/PRS/2021-22/2172849","CONNECTION_ACTIVATED","WS/PRS/2094620","2022-01-15","2022-01-15","Modify Connection","14"
"Purushottampur","WS_AP/PRS/2021-22/2172840","CONNECTION_ACTIVATED","WS/PRS/2094573","2022-01-15","2022-01-15","Modify Connection","14"
"Purushottampur","WS_AP/PRS/2021-22/2172841","CONNECTION_ACTIVATED","WS/PRS/2093671","2022-01-15","2022-01-15","Modify Connection","04"
"Purushottampur","WS_AP/PRS/2021-22/2172844","CONNECTION_ACTIVATED","WS/PRS/2095178","2022-01-15","2022-01-15","Modify Connection","07"
"Purushottampur","WS_AP/PRS/2021-22/2172829","CONNECTION_ACTIVATED","WS/PRS/2095043","2022-01-15","2022-01-15","Modify Connection","02"
"Purushottampur","WS_AP/PRS/2021-22/2172836","CONNECTION_ACTIVATED","WS/PRS/2095422","2022-01-15","2022-01-15","Modify Connection","11"
"Purushottampur","WS_AP/PRS/2021-22/2172851","CONNECTION_ACTIVATED","WS/PRS/2093673","2022-01-15","2022-01-15","Modify Connection","08"
"Purushottampur","WS_AP/PRS/2021-22/2172846","CONNECTION_ACTIVATED","WS/PRS/2094961","2022-01-15","2022-01-15","Modify Connection","03"
"Purushottampur","WS_AP/PRS/2021-22/2172856","CONNECTION_ACTIVATED","WS/PRS/2095320","2022-01-15","2022-01-15","Modify Connection","10"
"Aska","WS_AP/ASK/2021-22/2172843","CONNECTION_ACTIVATED","WS/ASK/2024230","2022-01-15","2022-01-15","Modify Connection","04"
"Purushottampur","WS_AP/PRS/2021-22/2172701","CONNECTION_ACTIVATED","WS/PRS/2094242","2022-01-15","2022-01-15","Modify Connection","11"
"Purushottampur","WS_AP/PRS/2021-22/2172854","CONNECTION_ACTIVATED","WS/PRS/2094577","2022-01-15","2022-01-15","Modify Connection","14"
"Purushottampur","WS_AP/PRS/2021-22/2172857","CONNECTION_ACTIVATED","WS/PRS/2095325","2022-01-15","2022-01-15","Modify Connection","09"
"Purushottampur","WS_AP/PRS/2021-22/2172775","CONNECTION_ACTIVATED","WS/PRS/2095170","2022-01-15","2022-01-15","Modify Connection","11"
"Purushottampur","WS_AP/PRS/2021-22/2172711","CONNECTION_ACTIVATED","WS/PRS/2095404","2022-01-15","2022-01-15","Modify Connection","11"
"Purushottampur","WS_AP/PRS/2021-22/2172821","CONNECTION_ACTIVATED","WS/PRS/2094618","2022-01-15","2022-01-15","Modify Connection","13"
"Purushottampur","WS_AP/PRS/2021-22/2172847","CONNECTION_ACTIVATED","WS/PRS/2094563","2022-01-15","2022-01-15","Modify Connection","13"
"Purushottampur","WS_AP/PRS/2021-22/2172835","CONNECTION_ACTIVATED","WS/PRS/2094157","2022-01-15","2022-01-15","Modify Connection","04"
"Purushottampur","WS_AP/PRS/2021-22/2172876","CONNECTION_ACTIVATED","WS/PRS/2094712","2022-01-15","2022-01-15","Modify Connection","14"
"Purushottampur","WS_AP/PRS/2021-22/2172833","CONNECTION_ACTIVATED","WS/PRS/2093665","2022-01-15","2022-01-15","Modify Connection","04"
"Purushottampur","WS_AP/PRS/2021-22/2172870","CONNECTION_ACTIVATED","WS/PRS/2095001","2022-01-15","2022-01-15","Modify Connection","13"
"Purushottampur","WS_AP/PRS/2021-22/2172874","CONNECTION_ACTIVATED","WS/PRS/2094494","2022-01-15","2022-01-15","Modify Connection","03"
"Purushottampur","WS_AP/PRS/2021-22/2172818","CONNECTION_ACTIVATED","WS/PRS/2094708","2022-01-15","2022-01-15","Modify Connection","13"
"Purushottampur","WS_AP/PRS/2021-22/2172881","CONNECTION_ACTIVATED","WS/PRS/2095023","2022-01-15","2022-01-15","Modify Connection","11"
"Purushottampur","WS_AP/PRS/2021-22/2172838","CONNECTION_ACTIVATED","WS/PRS/2095080","2022-01-15","2022-01-15","Modify Connection","10"
"Purushottampur","WS_AP/PRS/2021-22/2172878","CONNECTION_ACTIVATED","WS/PRS/2095524","2022-01-15","2022-01-15","Modify Connection","11"
"Purushottampur","WS_AP/PRS/2021-22/2172890","CONNECTION_ACTIVATED","WS/PRS/2095553","2022-01-15","2022-01-15","Modify Connection","03"
"Purushottampur","WS_AP/PRS/2021-22/2172886","CONNECTION_ACTIVATED","WS/PRS/2094567","2022-01-15","2022-01-15","Modify Connection","13"
"Purushottampur","WS_AP/PRS/2021-22/2172868","CONNECTION_ACTIVATED","WS/PRS/2093713","2022-01-15","2022-01-15","Modify Connection","04"
"Purushottampur","WS_AP/PRS/2021-22/2172888","CONNECTION_ACTIVATED","WS/PRS/2094579","2022-01-15","2022-01-15","Modify Connection","13"
"Purushottampur","WS_AP/PRS/2021-22/2172891","CONNECTION_ACTIVATED","WS/PRS/2094989","2022-01-15","2022-01-15","Modify Connection","07"
"Purushottampur","WS_AP/PRS/2021-22/2173037","PENDING_FOR_APPROVAL","WS/PRS/2096212","2022-01-17","2022-01-17","Modify Connection","12"
"Purushottampur","WS_AP/PRS/2021-22/2172894","CONNECTION_ACTIVATED","WS/PRS/2094649","2022-01-15","2022-01-15","Modify Connection","11"
"Purushottampur","WS_AP/PRS/2021-22/2172896","CONNECTION_ACTIVATED","WS/PRS/2094191","2022-01-15","2022-01-15","Modify Connection","04"
"Purushottampur","WS_AP/PRS/2021-22/2172897","CONNECTION_ACTIVATED","WS/PRS/2094651","2022-01-15","2022-01-15","Modify Connection","11"
"Purushottampur","WS_AP/PRS/2021-22/2173047","INITIATED","WS/PRS/2094183","2022-01-17","2022-01-17","Modify Connection","13"
"Purushottampur","WS_AP/PRS/2021-22/2173059","INITIATED","WS/PRS/2100621","2022-01-17","2022-01-17","Modify Connection","13"
"Cuttack","WS_AP/CTC/2021-22/2172904","CONNECTION_ACTIVATED","WS/CTC/1749390","2022-01-15","2022-01-15","Modify Connection","01"
"Purushottampur","WS_AP/PRS/2021-22/2173155","REJECTED","WS/PRS/2095528","2022-01-17","2022-01-19","Modify Connection","02"
"Purushottampur","WS_AP/PRS/2021-22/2173043","CONNECTION_ACTIVATED","WS/PRS/2095387","2022-01-17","2022-01-17","Modify Connection","03"
"Cuttack","WS_AP/CTC/2021-22/2173169","INITIATED","WS/CTC/1750271","2022-01-17","2022-01-17","Modify Connection","01"
"Sambalpur","WS_AP/SMB/2021-22/2173162","CONNECTION_ACTIVATED","WS/SMB/1911688","2022-01-17","2022-01-17","Modify Connection","26"
"Cuttack","WS_AP/CTC/2021-22/2173171","INITIATED","WS/CTC/1750271","2022-01-17","2022-01-17","Modify Connection","01"
"Purushottampur","WS_AP/PRS/2021-22/2173112","INITIATED","WS/PRS/2094181","2022-01-17","2022-01-17","Modify Connection","13"
"Purushottampur","WS_AP/PRS/2021-22/2173035","REJECTED","WS/PRS/2094281","2022-01-17","2022-01-17","Modify Connection","04"
"Purushottampur","WS_AP/PRS/2021-22/2173036","PENDING_FOR_APPROVAL","WS/PRS/2095391","2022-01-17","2022-01-17","Modify Connection","11"
"Purushottampur","WS_AP/PRS/2021-22/2173240","REJECTED","WS/PRS/2095125","2022-01-18","2022-01-19","Modify Connection","11"
"Purushottampur","WS_AP/PRS/2021-22/2173226","REJECTED","WS/PRS/2095147","2022-01-18","2022-01-19","Modify Connection","02"
"Purushottampur","WS_AP/PRS/2021-22/2173228","REJECTED","WS/PRS/2094194","2022-01-18","2022-01-19","Modify Connection","09"
"Purushottampur","WS_AP/PRS/2021-22/2173227","REJECTED","WS/PRS/2094194","2022-01-18","2022-01-19","Modify Connection","09"
"Purushottampur","WS_AP/PRS/2021-22/2173231","REJECTED","WS/PRS/2094656","2022-01-18","2022-01-19","Modify Connection","11"
"Purushottampur","WS_AP/PRS/2021-22/2173232","REJECTED","WS/PRS/2094992","2022-01-18","2022-01-19","Modify Connection","11"
"Purushottampur","WS_AP/PRS/2021-22/2173233","REJECTED","WS/PRS/2094624","2022-01-18","2022-01-19","Modify Connection","13"
"Puri","WS_AP/PRI/2021-22/2173950","INITIATED","WS/PRI/1951593","2022-01-19","2022-01-19","Modify Connection","30"
"Purushottampur","WS_AP/PRS/2021-22/2173225","REJECTED","WS/PRS/2095027","2022-01-18","2022-01-19","Modify Connection","05"
"Purushottampur","WS_AP/PRS/2021-22/2173229","REJECTED","WS/PRS/2095124","2022-01-18","2022-01-19","Modify Connection","12"
"Purushottampur","WS_AP/PRS/2021-22/2173224","REJECTED","WS/PRS/2095132","2022-01-18","2022-01-19","Modify Connection","02"
"Purushottampur","WS_AP/PRS/2021-22/2173242","REJECTED","WS/PRS/2094283","2022-01-18","2022-01-19","Modify Connection","04"
"Purushottampur","WS_AP/PRS/2021-22/2173237","REJECTED","WS/PRS/2094570","2022-01-18","2022-01-19","Modify Connection","14"
"Purushottampur","WS_AP/PRS/2021-22/2173249","REJECTED","WS/PRS/2094289","2022-01-18","2022-01-19","Modify Connection","10"
"Purushottampur","WS_AP/PRS/2021-22/2173265","REJECTED","WS/PRS/2095052","2022-01-18","2022-01-19","Modify Connection","02"
"Purushottampur","WS_AP/PRS/2021-22/2173246","REJECTED","WS/PRS/2093724","2022-01-18","2022-01-19","Modify Connection","09"
"Purushottampur","WS_AP/PRS/2021-22/2173281","REJECTED","WS/PRS/2093727","2022-01-18","2022-01-19","Modify Connection","09"
"Purushottampur","WS_AP/PRS/2021-22/2173285","REJECTED","WS/PRS/2093729","2022-01-18","2022-01-19","Modify Connection","09"
"Purushottampur","WS_AP/PRS/2021-22/2173260","REJECTED","WS/PRS/2094998","2022-01-18","2022-01-19","Modify Connection","10"
"Purushottampur","WS_AP/PRS/2021-22/2173276","REJECTED","WS/PRS/2094506","2022-01-18","2022-01-19","Modify Connection","08"
"Purushottampur","WS_AP/PRS/2021-22/2173274","REJECTED","WS/PRS/2095483","2022-01-18","2022-01-19","Modify Connection","10"
"Purushottampur","WS_AP/PRS/2021-22/2173298","REJECTED","WS/PRS/2094508","2022-01-18","2022-01-19","Modify Connection","02"
"Purushottampur","WS_AP/PRS/2021-22/2173302","REJECTED","WS/PRS/2094510","2022-01-18","2022-01-19","Modify Connection","03"
"Purushottampur","WS_AP/PRS/2021-22/2173291","REJECTED","WS/PRS/2095395","2022-01-18","2022-01-19","Modify Connection","09"
"Purushottampur","WS_AP/PRS/2021-22/2173305","REJECTED","WS/PRS/2095466","2022-01-18","2022-01-19","Modify Connection","05"
"Purushottampur","WS_AP/PRS/2021-22/2173367","REJECTED","WS/PRS/2093760","2022-01-18","2022-01-19","Modify Connection","04"
"Purushottampur","WS_AP/PRS/2021-22/2173327","REJECTED","WS/PRS/2095155","2022-01-18","2022-01-19","Modify Connection","10"
"Purushottampur","WS_AP/PRS/2021-22/2173336","REJECTED","WS/PRS/2093733","2022-01-18","2022-01-19","Modify Connection","09"
"Purushottampur","WS_AP/PRS/2021-22/2173315","REJECTED","WS/PRS/2093738","2022-01-18","2022-01-19","Modify Connection","02"
"Sambalpur","WS_AP/SMB/2021-22/2173361","CONNECTION_ACTIVATED","WS/SMB/1925138","2022-01-18","2022-01-18","Modify Connection","15"
"Purushottampur","WS_AP/PRS/2021-22/2173355","REJECTED","WS/PRS/2093683","2022-01-18","2022-01-19","Modify Connection","09"
"Aska","WS_AP/ASK/2021-22/2173340","CONNECTION_ACTIVATED","WS/ASK/2020343","2022-01-18","2022-01-18","Modify Connection","13"
"Sambalpur","WS_AP/SMB/2021-22/2173389","INITIATED","WS/SMB/1896733","2022-01-18","2022-01-18","Modify Connection","25"
"Purushottampur","WS_AP/PRS/2021-22/2173348","REJECTED","WS/PRS/2095158","2022-01-18","2022-01-19","Modify Connection","10"
"Purushottampur","WS_AP/PRS/2021-22/2173384","REJECTED","WS/PRS/2093764","2022-01-18","2022-01-19","Modify Connection","04"
"Purushottampur","WS_AP/PRS/2021-22/2173395","REJECTED","WS/PRS/2094199","2022-01-18","2022-01-19","Modify Connection","08"
"Purushottampur","WS_AP/PRS/2021-22/2173390","REJECTED","WS/PRS/2094583","2022-01-18","2022-01-19","Modify Connection","13"
"Sambalpur","WS_AP/SMB/2021-22/2173380","INITIATED","WS/SMB/1919659","2022-01-18","2022-01-18","Modify Connection","26"
"Sambalpur","WS_AP/SMB/2021-22/2173403","INITIATED","WS/SMB/1892025","2022-01-18","2022-01-18","Modify Connection","01"
"Purushottampur","WS_AP/PRS/2021-22/2173398","REJECTED","WS/PRS/2095020","2022-01-18","2022-01-19","Modify Connection","11"
"Purushottampur","WS_AP/PRS/2021-22/2173470","REJECTED","WS/PRS/2093774","2022-01-18","2022-01-19","Modify Connection","02"
"Purushottampur","WS_AP/PRS/2021-22/2173453","REJECTED","WS/PRS/2095416","2022-01-18","2022-01-19","Modify Connection","07"
"Purushottampur","WS_AP/PRS/2021-22/2173534","REJECTED","WS/PRS/2094244","2022-01-18","2022-01-19","Modify Connection","11"
"Purushottampur","WS_AP/PRS/2021-22/2173458","REJECTED","WS/PRS/2094925","2022-01-18","2022-01-19","Modify Connection","05"
"Purushottampur","WS_AP/PRS/2021-22/2173472","REJECTED","WS/PRS/2093687","2022-01-18","2022-01-19","Modify Connection","03"
"Purushottampur","WS_AP/PRS/2021-22/2173461","REJECTED","WS/PRS/2094139","2022-01-18","2022-01-19","Modify Connection","09"
"Purushottampur","WS_AP/PRS/2021-22/2173466","REJECTED","WS/PRS/2095328","2022-01-18","2022-01-19","Modify Connection","05"
"Purushottampur","WS_AP/PRS/2021-22/2173475","REJECTED","WS/PRS/2094586","2022-01-18","2022-01-19","Modify Connection","11"
"Purushottampur","WS_AP/PRS/2021-22/2173483","REJECTED","WS/PRS/2102186","2022-01-18","2022-01-19","Modify Connection","01"
"Purushottampur","WS_AP/PRS/2021-22/2173497","REJECTED","WS/PRS/2095004","2022-01-18","2022-01-19","Modify Connection","05"
"Purushottampur","WS_AP/PRS/2021-22/2173512","REJECTED","WS/PRS/2093701","2022-01-18","2022-01-19","Modify Connection","03"
"Bhubaneswar","WS_AP/BMC/2021-22/2173611","INITIATED","WS/BMC/1499520","2022-01-18","2022-01-18","Modify Connection","66"
"Purushottampur","WS_AP/PRS/2021-22/2173486","REJECTED","WS/PRS/2093779","2022-01-18","2022-01-19","Modify Connection","09"
"Purushottampur","WS_AP/PRS/2021-22/2173527","REJECTED","WS/PRS/2094986","2022-01-18","2022-01-19","Modify Connection","12"
"Purushottampur","WS_AP/PRS/2021-22/2173514","REJECTED","WS/PRS/2093703","2022-01-18","2022-01-19","Modify Connection","09"
"Aska","WS_AP/ASK/2021-22/2173518","CONNECTION_ACTIVATED","WS/ASK/2034088","2022-01-18","2022-01-18","Modify Connection","11"
"Purushottampur","WS_AP/PRS/2021-22/2173521","REJECTED","WS/PRS/2094983","2022-01-18","2022-01-19","Modify Connection","12"
"Aska","WS_AP/ASK/2021-22/2173533","CONNECTION_ACTIVATED","WS/ASK/2023712","2022-01-18","2022-01-18","Modify Connection","14"
"Purushottampur","WS_AP/PRS/2021-22/2173781","CONNECTION_ACTIVATED","WS/PRS/2100344","2022-01-19","2022-01-19","Modify Connection","10"
"Athagarh","WS_AP/ATH/2021-22/2174253","INITIATED","WS/ATH/2170708","2022-01-19","2022-01-19","Modify Connection","18"
"Purushottampur","WS_AP/PRS/2021-22/2173253","REJECTED","WS/PRS/2095006","2022-01-18","2022-01-19","Modify Connection","07"
"Purushottampur","WS_AP/PRS/2021-22/2173256","REJECTED","WS/PRS/2094522","2022-01-18","2022-01-19","Modify Connection","12"
"Purushottampur","WS_AP/PRS/2021-22/2173239","REJECTED","WS/PRS/2095441","2022-01-18","2022-01-19","Modify Connection","03"
"Purushottampur","WS_AP/PRS/2021-22/2174045","CONNECTION_ACTIVATED","WS/PRS/2094291","2022-01-19","2022-01-19","Modify Connection","03"
"Puri","WS_AP/PRI/2021-22/2173923","REJECTED","WS/PRI/1951621","2022-01-19","2022-01-19","Modify Connection","30"
"Purushottampur","WS_AP/PRS/2021-22/2173973","CONNECTION_ACTIVATED","WS/PRS/2095029","2022-01-19","2022-01-19","Modify Connection","11"
"Purushottampur","WS_AP/PRS/2021-22/2173986","CONNECTION_ACTIVATED","WS/PRS/2094701","2022-01-19","2022-01-19","Modify Connection","11"
"Purushottampur","WS_AP/PRS/2021-22/2173310","REJECTED","WS/PRS/2093735","2022-01-18","2022-01-19","Modify Connection","08"
"Purushottampur","WS_AP/PRS/2021-22/2173295","REJECTED","WS/PRS/2095541","2022-01-18","2022-01-19","Modify Connection","08"
"Purushottampur","WS_AP/PRS/2021-22/2173998","CONNECTION_ACTIVATED","WS/PRS/2093709","2022-01-19","2022-01-19","Modify Connection","04"
"Purushottampur","WS_AP/PRS/2021-22/2174018","CONNECTION_ACTIVATED","WS/PRS/2093840","2022-01-19","2022-01-19","Modify Connection","10"
"Purushottampur","WS_AP/PRS/2021-22/2174025","CONNECTION_ACTIVATED","WS/PRS/2093844","2022-01-19","2022-01-19","Modify Connection","09"
"Purushottampur","WS_AP/PRS/2021-22/2173321","REJECTED","WS/PRS/2095150","2022-01-18","2022-01-19","Modify Connection","05"
"Purushottampur","WS_AP/PRS/2021-22/2174009","CONNECTION_ACTIVATED","WS/PRS/2093669","2022-01-19","2022-01-19","Modify Connection","09"
"Purushottampur","WS_AP/PRS/2021-22/2174059","CONNECTION_ACTIVATED","WS/PRS/2093714","2022-01-19","2022-01-19","Modify Connection","09"
"Purushottampur","WS_AP/PRS/2021-22/2174040","CONNECTION_ACTIVATED","WS/PRS/2093848","2022-01-19","2022-01-19","Modify Connection","11"
"Athagarh","WS_AP/ATH/2021-22/2174077","CONNECTION_ACTIVATED","WS/ATH/2170708","2022-01-19","2022-01-19","Modify Connection","18"
"Purushottampur","WS_AP/PRS/2021-22/2174086","CONNECTION_ACTIVATED","WS/PRS/2094186","2022-01-19","2022-01-19","Modify Connection","14"
"Purushottampur","WS_AP/PRS/2021-22/2173468","REJECTED","WS/PRS/2093647","2022-01-18","2022-01-19","Modify Connection","09"
"Purushottampur","WS_AP/PRS/2021-22/2174051","CONNECTION_ACTIVATED","WS/PRS/2093851","2022-01-19","2022-01-19","Modify Connection","09"
"Purushottampur","WS_AP/PRS/2021-22/2174094","CONNECTION_ACTIVATED","WS/PRS/2094294","2022-01-19","2022-01-19","Modify Connection","10"
"Purushottampur","WS_AP/PRS/2021-22/2173980","CONNECTION_ACTIVATED","WS/PRS/2093707","2022-01-19","2022-01-19","Modify Connection","08"
"Purushottampur","WS_AP/PRS/2021-22/2173456","REJECTED","WS/PRS/2094202","2022-01-18","2022-01-19","Modify Connection","03"
"Purushottampur","WS_AP/PRS/2021-22/2173463","REJECTED","WS/PRS/2093685","2022-01-18","2022-01-19","Modify Connection","08"
"Purushottampur","WS_AP/PRS/2021-22/2174102","CONNECTION_ACTIVATED","WS/PRS/2094188","2022-01-19","2022-01-19","Modify Connection","14"
"Purushottampur","WS_AP/PRS/2021-22/2173478","REJECTED","WS/PRS/2093777","2022-01-18","2022-01-19","Modify Connection","09"
"Purushottampur","WS_AP/PRS/2021-22/2174065","CONNECTION_ACTIVATED","WS/PRS/2093888","2022-01-19","2022-01-19","Modify Connection","11"
"Purushottampur","WS_AP/PRS/2021-22/2173797","CONNECTION_ACTIVATED","WS/PRS/2095112","2022-01-19","2022-01-19","Modify Connection","07"
"Purushottampur","WS_AP/PRS/2021-22/2174105","CONNECTION_ACTIVATED","WS/PRS/2094514","2022-01-19","2022-01-19","Modify Connection","09"
"Purushottampur","WS_AP/PRS/2021-22/2173544","REJECTED","WS/PRS/2093667","2022-01-18","2022-01-19","Modify Connection","09"
"Purushottampur","WS_AP/PRS/2021-22/2174098","CONNECTION_ACTIVATED","WS/PRS/2095152","2022-01-19","2022-01-19","Modify Connection","09"
"Purushottampur","WS_AP/PRS/2021-22/2173539","REJECTED","WS/PRS/2093705","2022-01-18","2022-01-19","Modify Connection","09"
"Purushottampur","WS_AP/PRS/2021-22/2173778","CONNECTION_ACTIVATED","WS/PRS/2095480","2022-01-19","2022-01-19","Modify Connection","10"
"Purushottampur","WS_AP/PRS/2021-22/2173516","REJECTED","WS/PRS/2095408","2022-01-18","2022-01-19","Modify Connection","09"
"Purushottampur","WS_AP/PRS/2021-22/2173504","REJECTED","WS/PRS/2094587","2022-01-18","2022-01-19","Modify Connection","13"
"Purushottampur","WS_AP/PRS/2021-22/2173230","REJECTED","WS/PRS/2094654","2022-01-18","2022-01-19","Modify Connection","11"
"Purushottampur","WS_AP/PRS/2021-22/2174154","CONNECTION_ACTIVATED","WS/PRS/2095027","2022-01-19","2022-01-19","Modify Connection","05"
"Purushottampur","WS_AP/PRS/2021-22/2173451","REJECTED","WS/PRS/2095114","2022-01-18","2022-01-19","Modify Connection","08"
"Purushottampur","WS_AP/PRS/2021-22/2174146","CONNECTION_ACTIVATED","WS/PRS/2095132","2022-01-19","2022-01-19","Modify Connection","02"
"Purushottampur","WS_AP/PRS/2021-22/2174173","CONNECTION_ACTIVATED","WS/PRS/2094194","2022-01-19","2022-01-19","Modify Connection","09"
"Purushottampur","WS_AP/PRS/2021-22/2174184","CONNECTION_ACTIVATED","WS/PRS/2095124","2022-01-19","2022-01-19","Modify Connection","09"
"Purushottampur","WS_AP/PRS/2021-22/2174198","CONNECTION_ACTIVATED","WS/PRS/2094654","2022-01-19","2022-01-19","Modify Connection","11"
"Purushottampur","WS_AP/PRS/2021-22/2174241","CONNECTION_ACTIVATED","WS/PRS/2094570","2022-01-19","2022-01-19","Modify Connection","14"
"Purushottampur","WS_AP/PRS/2021-22/2174221","CONNECTION_ACTIVATED","WS/PRS/2094656","2022-01-19","2022-01-19","Modify Connection","11"
"Purushottampur","WS_AP/PRS/2021-22/2174231","CONNECTION_ACTIVATED","WS/PRS/2094992","2022-01-19","2022-01-19","Modify Connection","11"
"Purushottampur","WS_AP/PRS/2021-22/2174261","CONNECTION_ACTIVATED","WS/PRS/2095441","2022-01-19","2022-01-19","Modify Connection","03"
"Purushottampur","WS_AP/PRS/2021-22/2174165","CONNECTION_ACTIVATED","WS/PRS/2095147","2022-01-19","2022-01-19","Modify Connection","02"
"Purushottampur","WS_AP/PRS/2021-22/2174275","CONNECTION_ACTIVATED","WS/PRS/2095125","2022-01-19","2022-01-19","Modify Connection","11"
