"ulb","receiptdate","receiptnumber","createdtime","amountpaid","paymentmode","feetype"
"Cuttack","2021-01-16","01/2020-21/000001","2021-01-16",1225.00,"ONLINE","BPA Application Fee"
"Cuttack","2021-01-16","01/2020-21/000002","2021-01-16",0.00,"ONLINE","BPA Application Fee"
"Berhmpurmouza","2021-01-18","01/2020-21/000003","2021-01-18",120372.00,"ONLINE","BPA Application Fee"
"Cuttack","2021-01-23","01/2020-21/000004","2021-01-23",120372.00,"ONLINE","BPA Application Fee"
"Cuttack","2021-01-23","01/2020-21/000005","2021-01-23",2286381.00,"ONLINE","BPA Sanction Fee"
"Cuttack","2021-01-23","01/2020-21/000006","2021-01-23",120372.00,"ONLINE","BPA Application Fee"
"Cuttack","2021-01-23","01/2020-21/000007","2021-01-23",2286381.00,"ONLINE","BPA Sanction Fee"
"Cuttack","2021-01-24","01/2020-21/000008","2021-01-24",1225.00,"ONLINE","BPA Application Fee"
"Cuttack","2021-01-24","01/2020-21/000009","2021-01-24",1225.00,"ONLINE","BPA Application Fee"
"Cuttack","2021-01-24","01/2020-21/000010","2021-01-24",35547.00,"ONLINE","BPA Sanction Fee"
"Cuttack","2021-01-24","01/2020-21/000011","2021-01-24",4385.00,"ONLINE","BPA Application Fee"
"Cuttack","2021-01-24","01/2020-21/000012","2021-01-24",35547.00,"ONLINE","BPA Sanction Fee"
"Cuttack","2021-01-24","01/2020-21/000013","2021-01-24",1225.00,"ONLINE","BPA Application Fee"
"Cuttack","2021-01-24","01/2020-21/000014","2021-01-24",120372.00,"ONLINE","BPA Application Fee"
"Cuttack","2021-01-24","01/2020-21/000015","2021-01-24",2286381.00,"ONLINE","BPA Sanction Fee"
"Cuttack","2021-01-24","01/2020-21/000016","2021-01-24",120372.00,"ONLINE","BPA Application Fee"
"Cuttack","2021-01-24","01/2020-21/000017","2021-01-24",2286381.00,"ONLINE","BPA Sanction Fee"
"Cuttack","2021-01-24","01/2020-21/000018","2021-01-24",1225.00,"ONLINE","BPA Application Fee"
"Cuttack","2021-01-24","01/2020-21/000019","2021-01-24",35547.00,"ONLINE","BPA Sanction Fee"
"Cuttack","2021-01-24","01/2020-21/000020","2021-01-24",120372.00,"ONLINE","BPA Application Fee"
"Cuttack","2021-01-24","01/2020-21/000021","2021-01-24",2286381.00,"ONLINE","BPA Sanction Fee"
"Cuttack","2021-01-25","01/2020-21/000022","2021-01-25",120372.00,"ONLINE","BPA Application Fee"
"Cuttack","2021-01-25","01/2020-21/000023","2021-01-25",2286381.00,"ONLINE","BPA Sanction Fee"
"Angul","2021-01-27","01/2020-21/000024","2021-01-27",120372.00,"ONLINE","BPA Application Fee"
"Cuttack","2021-01-27","01/2020-21/000025","2021-01-27",1225.00,"ONLINE","BPA Application Fee"
"Cuttack","2021-01-27","01/2020-21/000026","2021-01-27",35547.00,"ONLINE","BPA Sanction Fee"
"Cuttack","2021-01-27","01/2020-21/000027","2021-01-27",4385.00,"ONLINE","BPA Application Fee"
"Cuttack","2021-01-27","01/2020-21/000028","2021-01-27",35547.00,"ONLINE","BPA Sanction Fee"
"Cuttack","2021-01-27","01/2020-21/000029","2021-01-27",120372.00,"ONLINE","BPA Application Fee"
"Cuttack","2021-01-27","01/2020-21/000030","2021-01-27",2286381.00,"ONLINE","BPA Sanction Fee"
"Cuttack","2021-01-27","01/2020-21/000031","2021-01-27",120372.00,"ONLINE","BPA Application Fee"
"Cuttack","2021-01-27","01/2020-21/000032","2021-01-27",2286381.00,"ONLINE","BPA Sanction Fee"
"Cuttack","2021-01-28","01/2020-21/000033","2021-01-28",1225.00,"ONLINE","BPA Application Fee"
"Cuttack","2021-01-28","01/2020-21/000034","2021-01-28",35547.00,"ONLINE","BPA Sanction Fee"
"Cuttack","2021-01-29","01/2020-21/000035","2021-01-29",120372.00,"ONLINE","BPA Application Fee"
"Cuttack","2021-01-29","01/2020-21/000036","2021-01-29",2286382.00,"ONLINE","BPA Sanction Fee"
"Cuttack","2021-01-29","01/2020-21/000037","2021-01-29",4386.00,"ONLINE","BPA Application Fee"
"Cuttack","2021-01-29","01/2020-21/000038","2021-01-29",35548.00,"ONLINE","BPA Sanction Fee"
"Cuttack","2021-01-30","01/2020-21/000039","2021-01-30",1806.00,"ONLINE","BPA Application Fee"
"Cuttack","2021-02-01","02/2020-21/000040","2021-02-01",1806.00,"ONLINE","BPA Application Fee"
"Cuttack","2021-02-01","02/2020-21/000041","2021-02-01",35548.00,"ONLINE","BPA Sanction Fee"
"Cuttack","2021-02-01","02/2020-21/000042","2021-02-01",1806.00,"ONLINE","BPA Application Fee"
"Cuttack","2021-02-01","02/2020-21/000043","2021-02-01",35548.00,"ONLINE","BPA Sanction Fee"
"Cuttack","2021-02-02","02/2020-21/000044","2021-02-02",120372.00,"ONLINE","BPA Application Fee"
"Cuttack","2021-02-02","02/2020-21/000045","2021-02-02",2286382.00,"ONLINE","BPA Sanction Fee"
"Cuttack","2021-02-02","02/2020-21/000046","2021-02-02",120372.00,"ONLINE","BPA Application Fee"
"Cuttack","2021-02-02","02/2020-21/000047","2021-02-02",2286382.00,"ONLINE","BPA Sanction Fee"
"Cuttack","2021-02-05","02/2020-21/000048","2021-02-05",1806.00,"ONLINE","BPA Application Fee"
"Cuttack","2021-02-05","02/2020-21/000049","2021-02-05",1806.00,"ONLINE","BPA Application Fee"
"Cuttack","2021-02-05","02/2020-21/000050","2021-02-05",120372.00,"ONLINE","BPA Application Fee"
"Cuttack","2021-02-05","02/2020-21/000051","2021-02-05",2286382.00,"ONLINE","BPA Sanction Fee"
"Cuttack","2021-02-05","02/2020-21/000052","2021-02-05",120372.00,"ONLINE","BPA Application Fee"
"Cuttack","2021-02-05","02/2020-21/000053","2021-02-05",2286382.00,"ONLINE","BPA Sanction Fee"
"Cuttack","2021-02-05","02/2020-21/000054","2021-02-05",4386.00,"ONLINE","BPA Application Fee"
"Cuttack","2021-02-05","02/2020-21/000055","2021-02-05",35548.00,"ONLINE","BPA Sanction Fee"
"Cuttack","2021-02-05","02/2020-21/000056","2021-02-05",1806.00,"ONLINE","BPA Application Fee"
"Cuttack","2021-02-05","02/2020-21/000057","2021-02-05",35548.00,"ONLINE","BPA Sanction Fee"
"Cuttack","2021-02-07","02/2020-21/000058","2021-02-07",1806.00,"ONLINE","BPA Application Fee"
"Cuttack","2021-02-08","02/2020-21/000059","2021-02-08",4386.00,"ONLINE","BPA Application Fee"
"Cuttack","2021-02-08","02/2020-21/000060","2021-02-08",35548.00,"ONLINE","BPA Sanction Fee"
"Cuttack","2021-02-08","02/2020-21/000061","2021-02-08",120372.00,"ONLINE","BPA Application Fee"
"Cuttack","2021-02-08","02/2020-21/000062","2021-02-08",1806.00,"ONLINE","BPA Application Fee"
"Cuttack","2021-02-08","02/2020-21/000063","2021-02-08",120372.00,"ONLINE","BPA Application Fee"
"Cuttack","2021-02-08","02/2020-21/000064","2021-02-08",2286382.00,"ONLINE","BPA Sanction Fee"
"Cuttack","2021-02-09","02/2020-21/000065","2021-02-09",1806.00,"ONLINE","BPA Application Fee"
"Cuttack","2021-02-09","02/2020-21/000066","2021-02-09",35548.00,"ONLINE","BPA Sanction Fee"
"Cuttack","2021-02-10","02/2020-21/000067","2021-02-10",1.00,"ONLINE","BPA Application Fee"
"Cuttack","2021-02-12","02/2020-21/000068","2021-02-12",1.00,"ONLINE","BPA Application Fee"
"Cuttack","2021-02-12","02/2020-21/000069","2021-02-12",1.00,"ONLINE","BPA Sanction Fee"
"Cuttack","2021-02-12","02/2020-21/000070","2021-02-12",1.00,"ONLINE","BPA Application Fee"
"Cuttack","2021-02-12","02/2020-21/000071","2021-02-12",1.00,"ONLINE","BPA Sanction Fee"
"Cuttack","2021-02-12","02/2020-21/000072","2021-02-12",3580.00,"ONLINE","BPA Application Fee"
"Cuttack","2021-02-12","02/2020-21/000073","2021-02-12",56104.00,"ONLINE","BPA Sanction Fee"
"Sambalpur","2021-07-16","07/2021-22/000074","2021-07-16",2930.00,"ONLINE","BPA Application Fee"
"Sambalpur","2021-08-30","08/2021-22/000075","2021-08-30",6179.00,"ONLINE","BPA Application Fee"
"Sambalpur","2021-09-03","09/2021-22/000076","2021-09-03",2523.00,"ONLINE","BPA Application Fee"
"Sambalpur","2021-09-07","09/2021-22/000079","2021-09-07",35161.00,"ONLINE","BPA Sanction Fee"
"Rourkela","2021-09-13","09/2021-22/000082","2021-09-13",337.00,"ONLINE","BPA Application Fee"
"Rourkela","2021-09-13","09/2021-22/000083","2021-09-13",250.00,"ONLINE","BPA Application Fee"
"Rourkela","2021-09-18","09/2021-22/000088","2021-09-18",2789.00,"ONLINE","BPA Sanction Fee"
"Rourkela","2021-09-18","09/2021-22/000089","2021-09-18",23507.00,"ONLINE","BPA Sanction Fee"
"Sambalpur","2021-09-21","09/2021-22/000097","2021-09-21",67832.00,"ONLINE","BPA Sanction Fee"
"Rourkela","2021-10-06","10/2021-22/000174","2021-10-06",250.00,"ONLINE","BPA Application Fee"
"Berhampur","2021-11-15","11/2021-22/001343","2021-11-15",1790.00,"ONLINE","BPA Application Fee"
"Sambalpur","2021-11-16","11/2021-22/001374","2021-11-16",1306.00,"ONLINE","BPA Application Fee"
"Rourkela","2021-11-16","11/2021-22/001392","2021-11-16",16242.00,"ONLINE","BPA Application Fee"
"Berhampur","2021-11-16","11/2021-22/001400","2021-11-16",1680.00,"ONLINE","BPA Application Fee"
"Rourkela","2021-11-17","11/2021-22/001453","2021-11-17",2795.00,"ONLINE","BPA Application Fee"
"Sambalpur","2021-11-17","11/2021-22/001490","2021-11-17",5666.00,"ONLINE","BPA Application Fee"
"Berhampur","2021-11-19","11/2021-22/001591","2021-11-19",1790.00,"ONLINE","BPA Application Fee"
"Berhampur","2021-11-20","11/2021-22/001649","2021-11-20",627.00,"ONLINE","BPA Application Fee"
"Berhampur","2021-11-20","11/2021-22/001653","2021-11-20",1385.00,"ONLINE","BPA Application Fee"
"Berhampur","2021-11-20","11/2021-22/001679","2021-11-20",250.00,"ONLINE","BPA Application Fee"
"Sambalpur","2021-11-22","11/2021-22/001727","2021-11-22",1414.00,"ONLINE","BPA Application Fee"
"Rourkela","2021-11-23","11/2021-22/001874","2021-11-23",3419.00,"ONLINE","BPA Application Fee"
"Rourkela","2021-11-24","11/2021-22/002129","2021-11-24",3913.00,"ONLINE","BPA Application Fee"
"Rourkela","2021-11-24","11/2021-22/002131","2021-11-24",1532.00,"ONLINE","BPA Application Fee"
"Rourkela","2021-11-24","11/2021-22/002133","2021-11-24",250.00,"ONLINE","BPA Application Fee"
"Rourkela","2021-11-24","11/2021-22/002135","2021-11-24",250.00,"ONLINE","BPA Application Fee"
"Rourkela","2021-11-24","11/2021-22/002136","2021-11-24",320.00,"ONLINE","BPA Application Fee"
"Rourkela","2021-11-24","11/2021-22/002138","2021-11-24",250.00,"ONLINE","BPA Application Fee"
"Rourkela","2021-11-24","11/2021-22/002139","2021-11-24",17597.00,"ONLINE","BPA Sanction Fee"
"Rourkela","2021-11-25","11/2021-22/002260","2021-11-25",4271.00,"ONLINE","BPA Application Fee"
"Rourkela","2021-11-26","11/2021-22/002378","2021-11-26",19959.00,"ONLINE","BPA Application Fee"
"Berhampur","2021-11-27","11/2021-22/002393","2021-11-27",37715.00,"ONLINE","BPA Sanction Fee"
"Rourkela","2021-11-29","11/2021-22/002541","2021-11-29",3463.00,"ONLINE","BPA Application Fee"
"Sambalpur","2021-12-02","12/2021-22/002934","2021-12-02",22951.00,"ONLINE","BPA Sanction Fee"
"Rourkela","2021-12-02","12/2021-22/003035","2021-12-02",250.00,"ONLINE","BPA Application Fee"
"Rourkela","2021-12-03","12/2021-22/003159","2021-12-03",67327.00,"ONLINE","BPA Sanction Fee"
"Cuttack","2021-12-04","12/2021-22/003184","2021-12-04",2223.00,"ONLINE","BPA Application Fee"
"Rourkela","2021-12-04","12/2021-22/003258","2021-12-04",66436.00,"ONLINE","BPA Sanction Fee"
"Berhampur","2021-12-07","12/2021-22/003743","2021-12-07",18999.00,"ONLINE","BPA Sanction Fee"
"Rourkela","2021-12-10","12/2021-22/004154","2021-12-10",39707.00,"ONLINE","BPA Sanction Fee"
"Sambalpur","2021-12-11","12/2021-22/004394","2021-12-11",1369.00,"ONLINE","BPA Application Fee"
"Berhampur","2021-12-11","12/2021-22/004396","2021-12-11",2926.00,"ONLINE","BPA Application Fee"
"Sambalpur","2021-12-13","12/2021-22/004724","2021-12-13",78106.00,"ONLINE","BPA Sanction Fee"
"Sambalpur","2021-12-14","12/2021-22/004752","2021-12-14",2529.00,"ONLINE","BPA Application Fee"
"Sambalpur","2021-12-14","12/2021-22/004765","2021-12-14",23934.00,"ONLINE","BPA Sanction Fee"
"Rourkela","2021-12-14","12/2021-22/004798","2021-12-14",23278.00,"ONLINE","BPA Sanction Fee"
"Rourkela","2021-12-14","12/2021-22/004976","2021-12-14",2898.00,"ONLINE","BPA Application Fee"
"Rourkela","2021-12-14","12/2021-22/004977","2021-12-14",3439.00,"ONLINE","BPA Application Fee"
"Rourkela","2021-12-15","12/2021-22/005245","2021-12-15",22142.00,"ONLINE","BPA Sanction Fee"
"Rourkela","2021-12-15","12/2021-22/005275","2021-12-15",1387.00,"ONLINE","BPA Application Fee"
"Rourkela","2021-12-15","12/2021-22/005277","2021-12-15",15429.00,"ONLINE","BPA Sanction Fee"
"Rourkela","2021-12-16","12/2021-22/005397","2021-12-16",1895.00,"ONLINE","BPA Application Fee"
"Rourkela","2021-12-16","12/2021-22/005585","2021-12-16",1455.00,"ONLINE","BPA Application Fee"
"Rourkela","2021-12-16","12/2021-22/005593","2021-12-16",3486.00,"ONLINE","BPA Application Fee"
"Berhampur","2021-12-18","12/2021-22/006073","2021-12-18",43206.00,"ONLINE","BPA Sanction Fee"
"Rourkela","2021-12-21","12/2021-22/006422","2021-12-21",250.00,"ONLINE","BPA Application Fee"
"Rourkela","2021-12-21","12/2021-22/006423","2021-12-21",18871.00,"ONLINE","BPA Sanction Fee"
"Rourkela","2021-12-21","12/2021-22/006687","2021-12-21",18793.00,"ONLINE","BPA Sanction Fee"
"Rourkela","2021-12-21","12/2021-22/006713","2021-12-21",1931.00,"ONLINE","BPA Application Fee"
"Rourkela","2021-12-28","12/2021-22/007569","2021-12-28",56836.00,"ONLINE","BPA Sanction Fee"
"Rourkela","2021-12-28","12/2021-22/007611","2021-12-28",37747.00,"ONLINE","BPA Sanction Fee"
"Rourkela","2021-12-31","12/2021-22/008309","2021-12-31",250.00,"ONLINE","BPA Application Fee"
"Berhampur","2022-01-02","01/2021-22/008737","2022-01-02",3929.00,"ONLINE","BPA Application Fee"
"Cuttack","2022-01-02","01/2021-22/008792","2022-01-02",3528.00,"ONLINE","BPA Application Fee"
"Rourkela","2022-01-04","01/2021-22/009708","2022-01-04",16185.00,"ONLINE","BPA Application Fee"
"Rourkela","2022-01-06","01/2021-22/009895","2022-01-06",3486.00,"ONLINE","BPA Application Fee"
"Rourkela","2022-01-06","01/2021-22/010067","2022-01-06",58229.00,"ONLINE","BPA Sanction Fee"
"Rourkela","2022-01-08","01/2021-22/010582","2022-01-08",66871.00,"ONLINE","BPA Sanction Fee"
"Berhampur","2022-01-08","01/2021-22/010695","2022-01-08",6633.00,"ONLINE","BPA Application Fee"
"Berhampur","2022-01-08","01/2021-22/010696","2022-01-08",6633.00,"ONLINE","BPA Application Fee"
"Berhampur","2022-01-08","01/2021-22/010697","2022-01-08",2340.00,"ONLINE","BPA Application Fee"
"Berhampur","2022-01-08","01/2021-22/010700","2022-01-08",3442.00,"ONLINE","BPA Application Fee"
"Berhampur","2022-01-08","01/2021-22/010702","2022-01-08",2184.00,"ONLINE","BPA Application Fee"
"Berhampur","2022-01-08","01/2021-22/010703","2022-01-08",7337.00,"ONLINE","BPA Application Fee"
"Rourkela","2022-01-09","01/2021-22/010739","2022-01-09",2357.00,"ONLINE","BPA Application Fee"
"Rourkela","2022-01-09","01/2021-22/010742","2022-01-09",250.00,"ONLINE","BPA Application Fee"
"Rourkela","2022-01-11","01/2021-22/011476","2022-01-11",76490.00,"ONLINE","BPA Sanction Fee"
"Berhampur","2022-01-14","01/2021-22/012348","2022-01-14",848.00,"ONLINE","BPA Application Fee"
"Bhubaneswar","2022-01-15","01/2021-22/012810","2022-01-15",3543.00,"ONLINE","BPA Application Fee"
"Sambalpur","2022-01-18","01/2021-22/015369","2022-01-18",3300.00,"ONLINE","BPA Application Fee"
"Sambalpur","2022-01-18","01/2021-22/015961","2022-01-18",2095.00,"ONLINE","BPA Application Fee"
"Sambalpur","2022-01-19","01/2021-22/016923","2022-01-19",7001.00,"ONLINE","BPA Application Fee"
"Rourkela","2022-01-20","01/2021-22/018095","2022-01-20",38666.00,"ONLINE","BPA Sanction Fee"
"Bhubaneswar","2022-01-20","01/2021-22/018067","2022-01-20",731.00,"ONLINE","BPA Application Fee"
"Bhubaneswar","2022-01-21","01/2021-22/019707","2022-01-21",2233.00,"ONLINE","BPA Application Fee"
"Bhubaneswar","2022-01-21","01/2021-22/019720","2022-01-21",4050.00,"ONLINE","BPA Application Fee"
"Berhampur","2022-01-21","01/2021-22/019724","2022-01-21",1712.00,"ONLINE","BPA Application Fee"
"Berhampurdevelopmentauthority","2022-01-22","01/2021-22/020431","2022-01-22",3324.00,"ONLINE","BPA Application Fee"
"Rourkela","2022-01-22","01/2021-22/020542","2022-01-22",3727.00,"ONLINE","BPA Application Fee"
"Rourkela","2022-01-22","01/2021-22/020587","2022-01-22",2009.00,"ONLINE","BPA Application Fee"
"Rourkela","2022-01-22","01/2021-22/020618","2022-01-22",1368.00,"ONLINE","BPA Application Fee"
"Rourkela","2022-01-24","01/2021-22/022725","2022-01-24",838.00,"ONLINE","BPA Application Fee"
"Bhubaneswar","2022-01-24","01/2021-22/022733","2022-01-24",6313.00,"ONLINE","BPA Application Fee"
"Bhubaneswar","2022-01-24","01/2021-22/022927","2022-01-24",4995.00,"ONLINE","BPA Application Fee"
"Bhubaneswardevelopmentauthority","2022-01-24","01/2021-22/023049","2022-01-24",3952.00,"ONLINE","BPA Application Fee"
"Udala","2022-01-25","01/2021-22/024649","2022-01-25",1957.00,"ONLINE","BPA Application Fee"
"Bhubaneswar","2022-01-26","01/2021-22/025046","2022-01-26",4684.00,"ONLINE","BPA Application Fee"
"Bhubaneswardevelopmentauthority","2022-01-26","01/2021-22/025076","2022-01-26",2855.00,"ONLINE","BPA Application Fee"
"Rourkela","2022-01-27","01/2021-22/025598","2022-01-27",20373.00,"ONLINE","BPA Application Fee"
"Rourkela","2022-01-27","01/2021-22/026713","2022-01-27",15985.00,"ONLINE","BPA Sanction Fee"
"Bhubaneswar","2022-01-28","01/2021-22/027363","2022-01-28",10588.00,"ONLINE","BPA Application Fee"
"Bhubaneswar","2022-01-28","01/2021-22/028207","2022-01-28",1204.00,"ONLINE","BPA Application Fee"
"Sambalpur","2022-01-28","01/2021-22/028209","2022-01-28",2031.00,"ONLINE","BPA Application Fee"
"Bhubaneswar","2022-01-29","01/2021-22/028428","2022-01-29",25760.00,"ONLINE","BPA Application Fee"
"Bhubaneswardevelopmentauthority","2022-01-29","01/2021-22/028975","2022-01-29",2938.00,"ONLINE","BPA Application Fee"
"Bhubaneswar","2022-01-29","01/2021-22/029363","2022-01-29",2409.00,"ONLINE","BPA Application Fee"
"Rourkela","2022-01-29","01/2021-22/029365","2022-01-29",2947.00,"ONLINE","BPA Application Fee"
"Bhubaneswardevelopmentauthority","2022-01-29","01/2021-22/029367","2022-01-29",3527.00,"ONLINE","BPA Application Fee"
"Berhampur","2022-01-29","01/2021-22/029455","2022-01-29",48548.00,"ONLINE","BPA Sanction Fee"
"Bhubaneswar","2022-01-30","01/2021-22/029843","2022-01-30",5066.00,"ONLINE","BPA Application Fee"
"Sambalpur","2022-01-31","01/2021-22/030532","2022-01-31",3655.00,"ONLINE","BPA Application Fee"
"Bhubaneswar","2022-01-31","01/2021-22/030732","2022-01-31",4996.00,"ONLINE","BPA Application Fee"
"Rourkela","2022-01-31","01/2021-22/030850","2022-01-31",6975.00,"ONLINE","BPA Application Fee"
"Rourkela","2022-02-01","02/2021-22/031035","2022-02-01",72698.00,"ONLINE","BPA Sanction Fee"
"Bhubaneswar","2022-02-01","02/2021-22/031053","2022-02-01",4201.00,"ONLINE","BPA Application Fee"
"Bhubaneswardevelopmentauthority","2022-02-01","02/2021-22/031383","2022-02-01",2390.00,"ONLINE","BPA Application Fee"
"Bhubaneswar","2022-02-01","02/2021-22/031562","2022-02-01",4459.00,"ONLINE","BPA Application Fee"
"Berhampur","2022-02-01","02/2021-22/031926","2022-02-01",66914.00,"ONLINE","BPA Sanction Fee"
"Bhubaneswar","2022-02-01","02/2021-22/031962","2022-02-01",13393.00,"ONLINE","BPA Application Fee"
"Rourkela","2022-02-02","02/2021-22/032195","2022-02-02",67801.00,"ONLINE","BPA Sanction Fee"
"Rourkela","2022-02-02","02/2021-22/032624","2022-02-02",6741.00,"ONLINE","BPA Application Fee"
"Rourkela","2022-02-02","02/2021-22/032572","2022-02-02",6078.00,"ONLINE","BPA Application Fee"
"Rourkela","2022-02-02","02/2021-22/032715","2022-02-02",3493.00,"ONLINE","BPA Application Fee"
"Bhubaneswar","2022-02-02","02/2021-22/032936","2022-02-02",16332.00,"ONLINE","BPA Application Fee"
"Rourkela","2022-02-02","02/2021-22/032973","2022-02-02",44637.00,"ONLINE","BPA Sanction Fee"
"Rourkela","2022-02-02","02/2021-22/033077","2022-02-02",6067.00,"ONLINE","BPA Application Fee"
"Rourkela","2022-02-02","02/2021-22/033170","2022-02-02",10497.00,"ONLINE","BPA Application Fee"
"Rourkela","2022-02-02","02/2021-22/033309","2022-02-02",2524.00,"ONLINE","BPA Application Fee"
"Rourkela","2022-02-02","02/2021-22/033313","2022-02-02",16709.00,"ONLINE","BPA Sanction Fee"
"Bhubaneswar","2022-02-03","02/2021-22/034758","2022-02-03",8229.00,"ONLINE","BPA Application Fee"
"Berhampur","2022-02-03","02/2021-22/034764","2022-02-03",113168.00,"ONLINE","BPA Sanction Fee"
"Bhubaneswar","2022-02-04","02/2021-22/035299","2022-02-04",3876.00,"ONLINE","BPA Application Fee"
"Bhubaneswar","2022-02-04","02/2021-22/035312","2022-02-04",3116.00,"ONLINE","BPA Application Fee"
"Bhubaneswar","2022-02-04","02/2021-22/035336","2022-02-04",1539.00,"ONLINE","BPA Application Fee"
"Bhubaneswar","2022-02-04","02/2021-22/035426","2022-02-04",4077.00,"ONLINE","BPA Application Fee"
"Bhubaneswar","2022-02-04","02/2021-22/036275","2022-02-04",5291.00,"ONLINE","BPA Application Fee"
"Bhubaneswar","2022-02-05","02/2021-22/037032","2022-02-05",1838.00,"ONLINE","BPA Application Fee"
"Bhubaneswar","2022-02-06","02/2021-22/037854","2022-02-06",6393.00,"ONLINE","BPA Application Fee"
"Bhubaneswar","2022-02-07","02/2021-22/039023","2022-02-07",6646.00,"ONLINE","BPA Application Fee"
"Berhampur","2022-02-07","02/2021-22/039011","2022-02-07",27448.00,"ONLINE","BPA Sanction Fee"
"Bhubaneswar","2022-02-07","02/2021-22/039484","2022-02-07",6679.00,"ONLINE","BPA Application Fee"
"Bhubaneswar","2022-02-07","02/2021-22/039873","2022-02-07",5548.00,"ONLINE","BPA Application Fee"
"Bhubaneswar","2022-02-07","02/2021-22/039944","2022-02-07",15480.00,"ONLINE","BPA Application Fee"
"Rourkela","2022-02-07","02/2021-22/039949","2022-02-07",30308.00,"ONLINE","BPA Sanction Fee"
"Bhubaneswardevelopmentauthority","2022-02-08","02/2021-22/040901","2022-02-08",6044.00,"ONLINE","BPA Application Fee"
"Rourkela","2022-02-08","02/2021-22/041059","2022-02-08",250.00,"ONLINE","BPA Application Fee"
"Bhubaneswardevelopmentauthority","2022-02-08","02/2021-22/041913","2022-02-08",961.00,"ONLINE","BPA Application Fee"
"Bhubaneswar","2022-02-08","02/2021-22/042108","2022-02-08",10476.00,"ONLINE","BPA Application Fee"
"Bhubaneswar","2022-02-08","02/2021-22/042370","2022-02-08",2233.00,"ONLINE","BPA Application Fee"
"Bhubaneswar","2022-02-08","02/2021-22/042371","2022-02-08",1658.00,"ONLINE","BPA Application Fee"
"Bhubaneswar","2022-02-08","02/2021-22/042410","2022-02-08",5724.00,"ONLINE","BPA Application Fee"
"Bhubaneswar","2022-02-08","02/2021-22/042512","2022-02-08",1098.00,"ONLINE","BPA Application Fee"
"Sambalpur","2022-02-08","02/2021-22/042566","2022-02-08",4003.00,"ONLINE","BPA Application Fee"
"Rourkela","2022-02-09","02/2021-22/043084","2022-02-09",50892.00,"ONLINE","BPA Sanction Fee"
"Rourkela","2022-02-09","02/2021-22/043364","2022-02-09",45123.00,"ONLINE","BPA Sanction Fee"
"Bhubaneswar","2022-02-09","02/2021-22/043612","2022-02-09",5959.00,"ONLINE","BPA Application Fee"
"Bhubaneswar","2022-02-09","02/2021-22/043749","2022-02-09",9216.00,"ONLINE","BPA Application Fee"
"Bhubaneswar","2022-02-09","02/2021-22/044659","2022-02-09",5877.00,"ONLINE","BPA Application Fee"
"Bhubaneswar","2022-02-09","02/2021-22/044714","2022-02-09",250.00,"ONLINE","BPA Application Fee"
"Rourkela","2022-02-10","02/2021-22/045027","2022-02-10",5021.00,"ONLINE","BPA Application Fee"
"Bhubaneswar","2022-02-10","02/2021-22/045833","2022-02-10",5158.00,"ONLINE","BPA Application Fee"
"Rourkela","2022-02-10","02/2021-22/046022","2022-02-10",133998.00,"ONLINE","BPA Sanction Fee"
"Bhubaneswar","2022-02-10","02/2021-22/046403","2022-02-10",2852.00,"ONLINE","BPA Application Fee"
"Sambalpur","2022-02-11","02/2021-22/047001","2022-02-11",1510.00,"ONLINE","BPA Application Fee"
"Bhubaneswar","2022-02-11","02/2021-22/047140","2022-02-11",2582.00,"ONLINE","BPA Application Fee"
"Bhubaneswar","2022-02-11","02/2021-22/047249","2022-02-11",5181.00,"ONLINE","BPA Application Fee"
"Bhubaneswar","2022-02-11","02/2021-22/047859","2022-02-11",2953.00,"ONLINE","BPA Application Fee"
"Bhubaneswardevelopmentauthority","2022-02-11","02/2021-22/047893","2022-02-11",4237.00,"ONLINE","BPA Application Fee"
"Bhubaneswar","2022-02-11","02/2021-22/048383","2022-02-11",4684.00,"ONLINE","BPA Application Fee"
"Bhubaneswar","2022-02-11","02/2021-22/048469","2022-02-11",61584.00,"ONLINE","BPA Application Fee"
"Bhubaneswardevelopmentauthority","2022-02-11","02/2021-22/048595","2022-02-11",2861.00,"ONLINE","BPA Application Fee"
"Berhampur","2022-02-11","02/2021-22/048766","2022-02-11",4182.00,"ONLINE","BPA Application Fee"
"Berhampurdevelopmentauthority","2022-02-11","02/2021-22/048866","2022-02-11",2998.00,"ONLINE","BPA Application Fee"
"Berhampur","2022-02-11","02/2021-22/048878","2022-02-11",3147.00,"ONLINE","BPA Application Fee"
"Rourkela","2022-02-12","02/2021-22/049389","2022-02-12",2947.00,"ONLINE","BPA Application Fee"
"Sambalpur","2022-02-12","02/2021-22/049664","2022-02-12",47980.00,"ONLINE","BPA Sanction Fee"
"Bhubaneswardevelopmentauthority","2022-02-12","02/2021-22/049911","2022-02-12",3595.00,"ONLINE","BPA Application Fee"
"Berhampur","2022-02-12","02/2021-22/050365","2022-02-12",916.00,"ONLINE","BPA Application Fee"
"Bhubaneswar","2022-02-12","02/2021-22/050341","2022-02-12",1577.00,"ONLINE","BPA Application Fee"
"Bhubaneswar","2022-02-12","02/2021-22/050442","2022-02-12",1250.00,"ONLINE","BPA Application Fee"
"Berhampurdevelopmentauthority","2022-02-12","02/2021-22/050456","2022-02-12",2009.00,"ONLINE","BPA Application Fee"
"Bhubaneswar","2022-02-12","02/2021-22/050458","2022-02-12",4681.00,"ONLINE","BPA Application Fee"
"Sambalpur","2022-02-12","02/2021-22/050459","2022-02-12",2595.00,"ONLINE","BPA Application Fee"
"Bhubaneswar","2022-02-13","02/2021-22/050650","2022-02-13",1052.00,"ONLINE","BPA Application Fee"
"Bhubaneswar","2022-02-13","02/2021-22/050735","2022-02-13",3792.00,"ONLINE","BPA Application Fee"
"Bhubaneswar","2022-02-13","02/2021-22/050738","2022-02-13",1128.00,"ONLINE","BPA Application Fee"
"Bhubaneswar","2022-02-14","02/2021-22/050885","2022-02-14",2760.00,"ONLINE","BPA Application Fee"
"Bhubaneswardevelopmentauthority","2022-02-14","02/2021-22/051430","2022-02-14",3772.00,"ONLINE","BPA Application Fee"
"Cuttack","2022-02-14","02/2021-22/051810","2022-02-14",49086.00,"ONLINE","BPA Sanction Fee"
"Sambalpur","2022-02-14","02/2021-22/051913","2022-02-14",250.00,"ONLINE","BPA Application Fee"
"Bhubaneswar","2022-02-15","02/2021-22/052093","2022-02-15",4695.00,"ONLINE","BPA Application Fee"
"Bhubaneswar","2022-02-15","02/2021-22/052690","2022-02-15",2002.00,"ONLINE","BPA Application Fee"
"Bhubaneswar","2022-02-15","02/2021-22/053162","2022-02-15",2378.00,"ONLINE","BPA Application Fee"
"Bhubaneswar","2022-02-15","02/2021-22/053279","2022-02-15",4109.00,"ONLINE","BPA Application Fee"
"Bhubaneswar","2022-02-16","02/2021-22/054298","2022-02-16",3973.00,"ONLINE","BPA Application Fee"
"Rourkela","2022-02-15","02/2021-22/053191","2022-02-15",5523.00,"ONLINE","BPA Application Fee"
"Rourkela","2022-02-15","02/2021-22/053204","2022-02-15",164075.00,"ONLINE","BPA Sanction Fee"
"Rourkela","2022-02-16","02/2021-22/054510","2022-02-16",46180.00,"ONLINE","BPA Sanction Fee"
"Bhubaneswar","2022-02-16","02/2021-22/054735","2022-02-16",4139.00,"ONLINE","BPA Application Fee"
"Bhubaneswar","2022-02-17","02/2021-22/056938","2022-02-17",5451.00,"ONLINE","BPA Application Fee"
"Rourkela","2022-02-16","02/2021-22/054671","2022-02-16",53166.00,"ONLINE","BPA Sanction Fee"
"Bhubaneswar","2022-02-16","02/2021-22/054944","2022-02-16",4040.00,"ONLINE","BPA Application Fee"
"Rourkela","2022-02-17","02/2021-22/056003","2022-02-17",140046.00,"ONLINE","BPA Sanction Fee"
"Rourkela","2022-02-17","02/2021-22/056013","2022-02-17",58898.00,"ONLINE","BPA Sanction Fee"
"Sambalpur","2022-02-17","02/2021-22/056451","2022-02-17",49772.00,"ONLINE","BPA Sanction Fee"
"Bhubaneswardevelopmentauthority","2022-02-17","02/2021-22/057196","2022-02-17",1480.00,"ONLINE","BPA Application Fee"
"Bhubaneswar","2022-02-17","02/2021-22/057321","2022-02-17",3522.00,"ONLINE","BPA Application Fee"
"Bhubaneswar","2022-02-17","02/2021-22/057399","2022-02-17",3327.00,"ONLINE","BPA Application Fee"
"Bhubaneswar","2022-02-17","02/2021-22/057402","2022-02-17",3824.00,"ONLINE","BPA Application Fee"
"Berhampur","2022-02-17","02/2021-22/057364","2022-02-17",3090.00,"ONLINE","BPA Application Fee"
"Bhubaneswar","2022-02-18","02/2021-22/058387","2022-02-18",6071.00,"ONLINE","BPA Application Fee"
"Bhubaneswar","2022-02-18","02/2021-22/058291","2022-02-18",16330.00,"ONLINE","BPA Application Fee"
"Bhubaneswar","2022-02-18","02/2021-22/059222","2022-02-18",2349.00,"ONLINE","BPA Application Fee"
"Bhubaneswar","2022-02-18","02/2021-22/058752","2022-02-18",19858.00,"ONLINE","BPA Application Fee"
"Bhubaneswar","2022-02-19","02/2021-22/060533","2022-02-19",1620.00,"ONLINE","BPA Application Fee"
"Bhubaneswardevelopmentauthority","2022-02-18","02/2021-22/059243","2022-02-18",5191.00,"ONLINE","BPA Application Fee"
"Rourkela","2022-02-19","02/2021-22/060011","2022-02-19",250.00,"ONLINE","BPA Application Fee"
"Bhubaneswar","2022-02-19","02/2021-22/060167","2022-02-19",1465.00,"ONLINE","BPA Application Fee"
"Rourkela","2022-02-19","02/2021-22/061123","2022-02-19",3421.00,"ONLINE","BPA Application Fee"
"Bhubaneswardevelopmentauthority","2022-02-19","02/2021-22/061139","2022-02-19",5148.00,"ONLINE","BPA Application Fee"
"Berhampurdevelopmentauthority","2022-02-19","02/2021-22/061177","2022-02-19",46179.00,"ONLINE","BPA Sanction Fee"
"Bhubaneswar","2022-02-19","02/2021-22/061149","2022-02-19",4710.00,"ONLINE","BPA Application Fee"
"Bhubaneswar","2022-02-20","02/2021-22/062169","2022-02-20",4296.00,"ONLINE","BPA Application Fee"
"Bhubaneswar","2022-02-21","02/2021-22/063402","2022-02-21",5027.00,"ONLINE","BPA Application Fee"
"Bhubaneswar","2022-02-21","02/2021-22/063495","2022-02-21",2087.00,"ONLINE","BPA Application Fee"
"Rourkela","2022-02-21","02/2021-22/063451","2022-02-21",4131.00,"ONLINE","BPA Application Fee"
"Bhubaneswardevelopmentauthority","2022-02-21","02/2021-22/064095","2022-02-21",5367.00,"ONLINE","BPA Application Fee"
"Bhubaneswar","2022-02-21","02/2021-22/064025","2022-02-21",1300.00,"ONLINE","BPA Application Fee"
"Bhubaneswardevelopmentauthority","2022-02-22","02/2021-22/064224","2022-02-22",1400.00,"ONLINE","BPA Application Fee"
"Bhubaneswar","2022-02-22","02/2021-22/064421","2022-02-22",3924.00,"ONLINE","BPA Application Fee"
"Bhubaneswardevelopmentauthority","2022-02-22","02/2021-22/064233","2022-02-22",6833.00,"ONLINE","BPA Application Fee"
"Bhubaneswar","2022-02-22","02/2021-22/064940","2022-02-22",5432.00,"ONLINE","BPA Application Fee"
"Bhubaneswar","2022-02-22","02/2021-22/064982","2022-02-22",2528.00,"ONLINE","BPA Application Fee"
"Bhubaneswar","2022-02-22","02/2021-22/064897","2022-02-22",2528.00,"ONLINE","BPA Application Fee"
"Bhubaneswar","2022-02-22","02/2021-22/065467","2022-02-22",4084.00,"ONLINE","BPA Application Fee"
"Bhubaneswar","2022-02-22","02/2021-22/065292","2022-02-22",2156.00,"ONLINE","BPA Application Fee"
"Sambalpur","2022-02-22","02/2021-22/065675","2022-02-22",7557.00,"ONLINE","BPA Application Fee"
"Rourkela","2022-02-22","02/2021-22/066094","2022-02-22",8640.00,"ONLINE","BPA Application Fee"
"Rourkela","2022-02-22","02/2021-22/066096","2022-02-22",2506.00,"ONLINE","BPA Application Fee"
"Sambalpur","2022-02-23","02/2021-22/066339","2022-02-23",98469.00,"ONLINE","BPA Sanction Fee"
"Sambalpur","2022-02-22","02/2021-22/066199","2022-02-22",6331.00,"ONLINE","BPA Application Fee"
"Bhubaneswar","2022-02-23","02/2021-22/066733","2022-02-23",3952.00,"ONLINE","BPA Application Fee"
"Bhubaneswar","2022-02-23","02/2021-22/067156","2022-02-23",3650.00,"ONLINE","BPA Application Fee"
"Bhubaneswar","2022-02-23","02/2021-22/066762","2022-02-23",3340.00,"ONLINE","BPA Application Fee"
"Bhubaneswardevelopmentauthority","2022-02-23","02/2021-22/067274","2022-02-23",3802.00,"ONLINE","BPA Application Fee"
"Bhubaneswar","2022-02-23","02/2021-22/067310","2022-02-23",985.00,"ONLINE","BPA Application Fee"
"Bhubaneswar","2022-02-23","02/2021-22/067299","2022-02-23",61517.00,"ONLINE","BPA Application Fee"
"Bhubaneswar","2022-02-23","02/2021-22/067799","2022-02-23",1760.00,"ONLINE","BPA Application Fee"
"Berhampur","2022-02-23","02/2021-22/067895","2022-02-23",2869.00,"ONLINE","BPA Application Fee"
"Bhubaneswar","2022-02-23","02/2021-22/067804","2022-02-23",3892.00,"ONLINE","BPA Application Fee"
"Bhubaneswar","2022-02-24","02/2021-22/068200","2022-02-24",883.00,"ONLINE","BPA Application Fee"
"Berhampur","2022-02-23","02/2021-22/067938","2022-02-23",6065.00,"ONLINE","BPA Application Fee"
"Bhubaneswar","2022-02-23","02/2021-22/067939","2022-02-23",5950.00,"ONLINE","BPA Application Fee"
"Bhubaneswardevelopmentauthority","2022-02-24","02/2021-22/068577","2022-02-24",4019.00,"ONLINE","BPA Application Fee"
"Bhubaneswar","2022-02-24","02/2021-22/068180","2022-02-24",2558.00,"ONLINE","BPA Application Fee"
"Bhubaneswar","2022-02-24","02/2021-22/068783","2022-02-24",735.00,"ONLINE","BPA Application Fee"
"Bhubaneswar","2022-02-24","02/2021-22/068824","2022-02-24",250.00,"ONLINE","BPA Application Fee"
"Bhubaneswar","2022-02-24","02/2021-22/068817","2022-02-24",662.00,"ONLINE","BPA Application Fee"
"Bhubaneswardevelopmentauthority","2022-02-24","02/2021-22/068985","2022-02-24",2154.00,"ONLINE","BPA Application Fee"
"Bhubaneswar","2022-02-24","02/2021-22/068919","2022-02-24",12614.00,"ONLINE","BPA Application Fee"
"Bhubaneswardevelopmentauthority","2022-02-26","02/2021-22/072659","2022-02-26",4823.00,"ONLINE","BPA Application Fee"
"Bhubaneswar","2022-03-01","03/2021-22/075305","2022-03-01",4128.00,"ONLINE","BPA Application Fee"
"Berhampur","2022-03-01","03/2021-22/075417","2022-03-01",704.00,"ONLINE","BPA Application Fee"
"Bhubaneswar","2022-03-01","03/2021-22/075353","2022-03-01",1312.00,"ONLINE","BPA Application Fee"
"Rourkela","2022-03-01","03/2021-22/075437","2022-03-01",368892.00,"ONLINE","BPA Sanction Fee"
"Berhampur","2022-03-01","03/2021-22/075521","2022-03-01",2863.00,"ONLINE","BPA Application Fee"
"Bhubaneswar","2022-03-01","03/2021-22/075451","2022-03-01",5468.00,"ONLINE","BPA Application Fee"
"Rourkela","2022-03-01","03/2021-22/075526","2022-03-01",355322.00,"ONLINE","BPA Sanction Fee"
"Bhubaneswardevelopmentauthority","2022-03-02","03/2021-22/075673","2022-03-02",3501.00,"ONLINE","BPA Application Fee"
"Bhubaneswardevelopmentauthority","2022-03-01","03/2021-22/075547","2022-03-01",3777.00,"ONLINE","BPA Application Fee"
"Cuttack","2022-03-01","03/2021-22/075548","2022-03-01",2047.00,"ONLINE","BPA Application Fee"
"Bhubaneswardevelopmentauthority","2022-03-02","03/2021-22/076899","2022-03-02",53902.00,"ONLINE","BPA Application Fee"
"Cuttack","2022-03-02","03/2021-22/075830","2022-03-02",3560.00,"ONLINE","BPA Application Fee"
"Bhubaneswardevelopmentauthority","2022-03-02","03/2021-22/076631","2022-03-02",3154.00,"ONLINE","BPA Application Fee"
"Bhubaneswar","2022-03-02","03/2021-22/076925","2022-03-02",2084.00,"ONLINE","BPA Application Fee"
"Berhampur","2022-03-02","03/2021-22/076904","2022-03-02",30442.00,"ONLINE","BPA Sanction Fee"
"Bhubaneswar","2022-03-02","03/2021-22/077421","2022-03-02",3404.00,"ONLINE","BPA Application Fee"
"Sambalpur","2022-03-02","03/2021-22/077022","2022-03-02",2505.00,"ONLINE","BPA Application Fee"
"Bhubaneswar","2022-03-02","03/2021-22/077496","2022-03-02",4912.00,"ONLINE","BPA Application Fee"
"Bhubaneswar","2022-03-02","03/2021-22/077495","2022-03-02",2628.00,"ONLINE","BPA Application Fee"
"Bhubaneswar","2022-03-02","03/2021-22/077685","2022-03-02",2780.00,"ONLINE","BPA Application Fee"
"Rourkela","2022-03-03","03/2021-22/078036","2022-03-03",3285.00,"ONLINE","BPA Application Fee"
"Berhampur","2022-03-03","03/2021-22/077728","2022-03-03",1553.00,"ONLINE","BPA Application Fee"
"Bhubaneswar","2022-03-03","03/2021-22/078327","2022-03-03",7055.00,"ONLINE","BPA Application Fee"
"Rourkela","2022-03-03","03/2021-22/078056","2022-03-03",2784.00,"ONLINE","BPA Application Fee"
"Bhubaneswar","2022-03-03","03/2021-22/078967","2022-03-03",2092.00,"ONLINE","BPA Application Fee"
"Rourkela","2022-03-03","03/2021-22/078333","2022-03-03",250.00,"ONLINE","BPA Application Fee"
"Bhubaneswardevelopmentauthority","2022-03-03","03/2021-22/078868","2022-03-03",1898.00,"ONLINE","BPA Application Fee"
"Bhubaneswar","2022-03-03","03/2021-22/079074","2022-03-03",4680.00,"ONLINE","BPA Application Fee"
"Bhubaneswar","2022-03-03","03/2021-22/079438","2022-03-03",4357.00,"ONLINE","BPA Application Fee"
"Bhubaneswar","2022-03-03","03/2021-22/079138","2022-03-03",4338.00,"ONLINE","BPA Application Fee"
"Bhubaneswar","2022-03-03","03/2021-22/079557","2022-03-03",292.00,"ONLINE","BPA Application Fee"
"Bhubaneswar","2022-03-03","03/2021-22/079566","2022-03-03",3793.00,"ONLINE","BPA Application Fee"
"Berhampur","2022-03-03","03/2021-22/079738","2022-03-03",42151.00,"ONLINE","BPA Sanction Fee"
"Bhubaneswar","2022-03-03","03/2021-22/079581","2022-03-03",7219.00,"ONLINE","BPA Application Fee"
"Bhubaneswardevelopmentauthority","2022-03-03","03/2021-22/079588","2022-03-03",3373.00,"ONLINE","BPA Application Fee"
"Bhubaneswar","2022-03-03","03/2021-22/079903","2022-03-03",0.00,"ONLINE","BPA Application Fee"
"Bhubaneswardevelopmentauthority","2022-03-03","03/2021-22/080197","2022-03-03",250.00,"ONLINE","BPA Application Fee"
"Bhubaneswar","2022-03-03","03/2021-22/079871","2022-03-03",4432.00,"ONLINE","BPA Application Fee"
"Bhubaneswardevelopmentauthority","2022-03-03","03/2021-22/080199","2022-03-03",250.00,"ONLINE","BPA Application Fee"
"Bhubaneswardevelopmentauthority","2022-03-03","03/2021-22/080188","2022-03-03",735.00,"ONLINE","BPA Application Fee"
"Bhubaneswar","2022-03-04","03/2021-22/080850","2022-03-04",0.00,"ONLINE","BPA Application Fee"
"Bhubaneswardevelopmentauthority","2022-03-03","03/2021-22/080192","2022-03-03",662.00,"ONLINE","BPA Application Fee"
"Bhubaneswar","2022-03-03","03/2021-22/080194","2022-03-03",7952.00,"ONLINE","BPA Application Fee"
"Bhubaneswar","2022-03-04","03/2021-22/080730","2022-03-04",250.00,"ONLINE","BPA Application Fee"
"Bhubaneswar","2022-03-04","03/2021-22/081947","2022-03-04",5935.00,"ONLINE","BPA Application Fee"
"Bhubaneswar","2022-03-04","03/2021-22/080862","2022-03-04",0.00,"ONLINE","BPA Application Fee"
"Bhubaneswardevelopmentauthority","2022-03-04","03/2021-22/081223","2022-03-04",3779.00,"ONLINE","BPA Application Fee"
"Bhubaneswardevelopmentauthority","2022-03-04","03/2021-22/081438","2022-03-04",3962.00,"ONLINE","BPA Application Fee"
"Bhubaneswardevelopmentauthority","2022-03-04","03/2021-22/082155","2022-03-04",7805.00,"ONLINE","BPA Application Fee"
"Bhubaneswar","2022-03-04","03/2021-22/082735","2022-03-04",3986.00,"ONLINE","BPA Application Fee"
"Bhubaneswar","2022-03-04","03/2021-22/082225","2022-03-04",3667.00,"ONLINE","BPA Application Fee"
"Bhubaneswar","2022-03-04","03/2021-22/082997","2022-03-04",5004.00,"ONLINE","BPA Application Fee"
"Bhubaneswar","2022-03-04","03/2021-22/083001","2022-03-04",3261.00,"ONLINE","BPA Application Fee"
"Bhubaneswardevelopmentauthority","2022-03-04","03/2021-22/083009","2022-03-04",3807.00,"ONLINE","BPA Application Fee"
"Bhubaneswar","2022-03-05","03/2021-22/083980","2022-03-05",610.00,"ONLINE","BPA Application Fee"
"Berhampurdevelopmentauthority","2022-03-05","03/2021-22/083253","2022-03-05",1314.00,"ONLINE","BPA Application Fee"
"Berhampur","2022-03-05","03/2021-22/083893","2022-03-05",86220.00,"ONLINE","BPA Sanction Fee"
"Bhubaneswar","2022-03-05","03/2021-22/084082","2022-03-05",250.00,"ONLINE","BPA Application Fee"
"Bhubaneswardevelopmentauthority","2022-03-05","03/2021-22/084126","2022-03-05",31771.00,"ONLINE","BPA Application Fee"
"Berhampur","2022-03-05","03/2021-22/084330","2022-03-05",0.00,"ONLINE","BPA Application Fee"
"Berhampur","2022-03-05","03/2021-22/084313","2022-03-05",1550.00,"ONLINE","BPA Application Fee"
"Berhampur","2022-03-05","03/2021-22/084478","2022-03-05",60836.00,"ONLINE","BPA Sanction Fee"
"Bhubaneswar","2022-03-05","03/2021-22/084365","2022-03-05",15675.00,"ONLINE","BPA Application Fee"
"Berhampur","2022-03-05","03/2021-22/085059","2022-03-05",3562.00,"ONLINE","BPA Application Fee"
"Berhampur","2022-03-05","03/2021-22/084904","2022-03-05",2296.00,"ONLINE","BPA Application Fee"
"Bhubaneswardevelopmentauthority","2022-03-05","03/2021-22/085157","2022-03-05",4304.00,"ONLINE","BPA Application Fee"
"Bhubaneswar","2022-03-05","03/2021-22/085097","2022-03-05",8902.00,"ONLINE","BPA Application Fee"
"Berhampur","2022-03-05","03/2021-22/085101","2022-03-05",2926.00,"ONLINE","BPA Application Fee"
"Bhubaneswar","2022-03-05","03/2021-22/085171","2022-03-05",1593.00,"ONLINE","BPA Application Fee"
"Bhubaneswar","2022-03-06","03/2021-22/086195","2022-03-06",29654.00,"ONLINE","BPA Application Fee"
"Bhubaneswar","2022-03-06","03/2021-22/086480","2022-03-06",6753.00,"ONLINE","BPA Application Fee"
"Bhubaneswar","2022-03-06","03/2021-22/086485","2022-03-06",7502.00,"ONLINE","BPA Application Fee"
"Berhampur","2022-03-06","03/2021-22/087193","2022-03-06",0.00,"ONLINE","BPA Application Fee"
"Berhampur","2022-03-07","03/2021-22/088875","2022-03-07",57834.00,"ONLINE","BPA Sanction Fee"
"Bhubaneswar","2022-03-07","03/2021-22/088895","2022-03-07",1183.00,"ONLINE","BPA Application Fee"
"Bhubaneswar","2022-03-07","03/2021-22/089034","2022-03-07",250.00,"ONLINE","BPA Application Fee"
"Bhubaneswar","2022-03-07","03/2021-22/089181","2022-03-07",3574.00,"ONLINE","BPA Application Fee"
"Rourkela","2022-03-07","03/2021-22/089406","2022-03-07",19144.00,"ONLINE","BPA Sanction Fee"
"Jatni","2022-03-07","03/2021-22/089575","2022-03-07",2029.00,"ONLINE","BPA Application Fee"
"Sambalpur","2022-03-07","03/2021-22/089382","2022-03-07",3358.00,"ONLINE","BPA Application Fee"
"Bhubaneswar","2022-03-07","03/2021-22/089472","2022-03-07",9113.00,"ONLINE","BPA Application Fee"
"Berhampur","2022-03-07","03/2021-22/089976","2022-03-07",0.00,"ONLINE","BPA Application Fee"
"Bhubaneswardevelopmentauthority","2022-03-07","03/2021-22/090107","2022-03-07",570.00,"ONLINE","BPA Application Fee"
"Rourkela","2022-03-08","03/2021-22/092616","2022-03-08",16025.00,"ONLINE","BPA Application Fee"
"Bhubaneswar","2022-03-07","03/2021-22/090086","2022-03-07",6369.00,"ONLINE","BPA Application Fee"
"Rourkela","2022-03-08","03/2021-22/090604","2022-03-08",18571.00,"ONLINE","BPA Sanction Fee"
"Rourkela","2022-03-08","03/2021-22/090623","2022-03-08",99018.00,"ONLINE","BPA Sanction Fee"
"Rourkela","2022-03-08","03/2021-22/090775","2022-03-08",80913.00,"ONLINE","BPA Sanction Fee"
"Berhampur","2022-03-08","03/2021-22/092042","2022-03-08",463.00,"ONLINE","BPA Application Fee"
"Rourkela","2022-03-08","03/2021-22/092911","2022-03-08",1389.00,"ONLINE","BPA Application Fee"
"Rourkela","2022-03-08","03/2021-22/092981","2022-03-08",250.00,"ONLINE","BPA Application Fee"
"Rourkela","2022-03-08","03/2021-22/092935","2022-03-08",4936.00,"ONLINE","BPA Application Fee"
"Bhubaneswar","2022-03-08","03/2021-22/093331","2022-03-08",2864.00,"ONLINE","BPA Application Fee"
"Bhubaneswardevelopmentauthority","2022-03-08","03/2021-22/093346","2022-03-08",4328.00,"ONLINE","BPA Application Fee"
"Berhampurdevelopmentauthority","2022-03-09","03/2021-22/093515","2022-03-09",2998.00,"ONLINE","BPA Application Fee"
"Bhubaneswardevelopmentauthority","2022-03-08","03/2021-22/093393","2022-03-08",3484.00,"ONLINE","BPA Application Fee"
"Bhubaneswardevelopmentauthority","2022-03-09","03/2021-22/093957","2022-03-09",1760.00,"ONLINE","BPA Application Fee"
"Bhubaneswar","2022-03-09","03/2021-22/094436","2022-03-09",6397.00,"ONLINE","BPA Application Fee"
"Cuttack","2022-03-09","03/2021-22/094611","2022-03-09",68646.00,"ONLINE","BPA Sanction Fee"
"Rourkela","2022-03-09","03/2021-22/094316","2022-03-09",250.00,"ONLINE","BPA Application Fee"
"Rourkela","2022-03-09","03/2021-22/095453","2022-03-09",3677.00,"ONLINE","BPA Application Fee"
"Bhubaneswar","2022-03-09","03/2021-22/094793","2022-03-09",85606.00,"ONLINE","BPA Application Fee"
"Bhubaneswardevelopmentauthority","2022-03-09","03/2021-22/096603","2022-03-09",5087.00,"ONLINE","BPA Application Fee"
"Rourkela","2022-03-09","03/2021-22/095728","2022-03-09",2911.00,"ONLINE","BPA Application Fee"
"Bhubaneswar","2022-03-09","03/2021-22/096062","2022-03-09",14674.00,"ONLINE","BPA Application Fee"
"Bhubaneswar","2022-03-10","03/2021-22/098003","2022-03-10",3116.00,"ONLINE","BPA Application Fee"
"Bhubaneswardevelopmentauthority","2022-03-09","03/2021-22/096619","2022-03-09",1933.00,"ONLINE","BPA Application Fee"
"Rourkela","2022-03-10","03/2021-22/097415","2022-03-10",68371.00,"ONLINE","BPA Sanction Fee"
"Bhubaneswardevelopmentauthority","2022-03-10","03/2021-22/098096","2022-03-10",3042.00,"ONLINE","BPA Application Fee"
"Bhubaneswar","2022-03-10","03/2021-22/098505","2022-03-10",0.00,"ONLINE","BPA Application Fee"
"Cuttack","2022-03-10","03/2021-22/098814","2022-03-10",12147.00,"ONLINE","BPA Application Fee"
"Bhubaneswar","2022-03-10","03/2021-22/098815","2022-03-10",2226.00,"ONLINE","BPA Application Fee"
"Cuttack","2022-03-10","03/2021-22/098816","2022-03-10",1495.00,"ONLINE","BPA Application Fee"
"Bhubaneswar","2022-03-10","03/2021-22/099411","2022-03-10",24606.00,"ONLINE","BPA Application Fee"
"Bhubaneswardevelopmentauthority","2022-03-10","03/2021-22/098918","2022-03-10",2781.00,"ONLINE","BPA Application Fee"
"Bhubaneswar","2022-03-10","03/2021-22/099195","2022-03-10",10321.00,"ONLINE","BPA Application Fee"
"Bhubaneswardevelopmentauthority","2022-03-11","03/2021-22/100209","2022-03-11",3792.00,"ONLINE","BPA Application Fee"
"Bhubaneswardevelopmentauthority","2022-03-10","03/2021-22/099832","2022-03-10",3420.00,"ONLINE","BPA Application Fee"
"Bhubaneswar","2022-03-10","03/2021-22/099845","2022-03-10",3549.00,"ONLINE","BPA Application Fee"
"Bhubaneswar","2022-03-10","03/2021-22/099848","2022-03-10",4068.00,"ONLINE","BPA Application Fee"
"Bhubaneswar","2022-03-10","03/2021-22/099853","2022-03-10",6826.00,"ONLINE","BPA Application Fee"
"Bhubaneswar","2022-03-11","03/2021-22/100872","2022-03-11",2449.00,"ONLINE","BPA Application Fee"
"Bhubaneswar","2022-03-11","03/2021-22/100633","2022-03-11",4973.00,"ONLINE","BPA Application Fee"
"Bhubaneswar","2022-03-11","03/2021-22/102479","2022-03-11",1658.00,"ONLINE","BPA Application Fee"
"Bhubaneswardevelopmentauthority","2022-03-11","03/2021-22/102047","2022-03-11",1933.00,"ONLINE","BPA Application Fee"
"Bhubaneswar","2022-03-11","03/2021-22/102463","2022-03-11",1696.00,"ONLINE","BPA Application Fee"
"Bhubaneswar","2022-03-11","03/2021-22/102486","2022-03-11",1658.00,"ONLINE","BPA Application Fee"
"Bhubaneswar","2022-03-11","03/2021-22/102497","2022-03-11",250.00,"ONLINE","BPA Application Fee"
"Bhubaneswar","2022-03-11","03/2021-22/102512","2022-03-11",1689.00,"ONLINE","BPA Application Fee"
"Bhubaneswardevelopmentauthority","2022-03-11","03/2021-22/102744","2022-03-11",3962.00,"ONLINE","BPA Application Fee"
"Bhubaneswar","2022-03-11","03/2021-22/103200","2022-03-11",1879.00,"ONLINE","BPA Application Fee"
"Sambalpur","2022-03-12","03/2021-22/103789","2022-03-12",4446.00,"ONLINE","BPA Application Fee"
"Berhampur","2022-03-12","03/2021-22/104035","2022-03-12",1869.00,"ONLINE","BPA Application Fee"
"Bhubaneswar","2022-03-12","03/2021-22/104355","2022-03-12",10292.00,"ONLINE","BPA Application Fee"
"Bhubaneswar","2022-03-12","03/2021-22/104566","2022-03-12",1470.00,"ONLINE","BPA Application Fee"
"Berhampur","2022-03-12","03/2021-22/104325","2022-03-12",2630.00,"ONLINE","BPA Application Fee"
"Bhubaneswardevelopmentauthority","2022-03-12","03/2021-22/104333","2022-03-12",1895.00,"ONLINE","BPA Application Fee"
"Bhubaneswar","2022-03-12","03/2021-22/104575","2022-03-12",1031.00,"ONLINE","BPA Application Fee"
"Bhubaneswar","2022-03-12","03/2021-22/104739","2022-03-12",5222.00,"ONLINE","BPA Application Fee"
"Bhubaneswar","2022-03-12","03/2021-22/105129","2022-03-12",1214.00,"ONLINE","BPA Application Fee"
"Bhubaneswardevelopmentauthority","2022-03-12","03/2021-22/104794","2022-03-12",51341.00,"ONLINE","BPA Sanction Fee"
"Bhubaneswar","2022-03-12","03/2021-22/105025","2022-03-12",2309.00,"ONLINE","BPA Application Fee"
"Berhampur","2022-03-13","03/2021-22/106609","2022-03-13",916.00,"ONLINE","BPA Application Fee"
"Rourkela","2022-03-13","03/2021-22/106717","2022-03-13",870.00,"ONLINE","BPA Application Fee"
"Berhampur","2022-03-13","03/2021-22/106843","2022-03-13",250.00,"ONLINE","BPA Application Fee"
"Cuttack","2022-03-13","03/2021-22/107078","2022-03-13",2115.00,"ONLINE","BPA Application Fee"
"Rourkela","2022-03-14","03/2021-22/108519","2022-03-14",2889.00,"ONLINE","BPA Application Fee"
"Bhubaneswar","2022-03-14","03/2021-22/107509","2022-03-14",697.00,"ONLINE","BPA Application Fee"
"Bhubaneswar","2022-03-14","03/2021-22/109130","2022-03-14",6061.00,"ONLINE","BPA Application Fee"
"Bhubaneswar","2022-03-14","03/2021-22/109069","2022-03-14",7906.00,"ONLINE","BPA Application Fee"
"Bhubaneswar","2022-03-14","03/2021-22/109793","2022-03-14",1628.00,"ONLINE","BPA Application Fee"
"Bhubaneswar","2022-03-14","03/2021-22/109202","2022-03-14",406.00,"ONLINE","BPA Application Fee"
"Bhubaneswar","2022-03-14","03/2021-22/109763","2022-03-14",4080.00,"ONLINE","BPA Application Fee"
"Bhubaneswar","2022-03-14","03/2021-22/110056","2022-03-14",789.00,"ONLINE","BPA Application Fee"
"Berhampur","2022-03-14","03/2021-22/109929","2022-03-14",2122.00,"ONLINE","BPA Application Fee"
"Bhubaneswar","2022-03-15","03/2021-22/110582","2022-03-15",6889.00,"ONLINE","BPA Application Fee"
"Bhubaneswar","2022-03-15","03/2021-22/110321","2022-03-15",1208.00,"ONLINE","BPA Application Fee"
"Cuttack","2022-03-15","03/2021-22/111436","2022-03-15",69311.00,"ONLINE","BPA Sanction Fee"
"Cuttack","2022-03-15","03/2021-22/110802","2022-03-15",3287.00,"ONLINE","BPA Application Fee"
"Bhubaneswar","2022-03-15","03/2021-22/112154","2022-03-15",20017.00,"ONLINE","BPA Application Fee"
"Bhubaneswar","2022-03-15","03/2021-22/111553","2022-03-15",8991.00,"ONLINE","BPA Application Fee"
"Bhubaneswar","2022-03-15","03/2021-22/111831","2022-03-15",5826.00,"ONLINE","BPA Application Fee"
"Bhubaneswar","2022-03-15","03/2021-22/112173","2022-03-15",0.00,"ONLINE","BPA Application Fee"
"Bhubaneswar","2022-03-15","03/2021-22/112192","2022-03-15",4169.00,"ONLINE","BPA Application Fee"
"Cuttack","2022-03-15","03/2021-22/112478","2022-03-15",3593.00,"ONLINE","BPA Application Fee"
"Bhubaneswar","2022-03-15","03/2021-22/112195","2022-03-15",1208.00,"ONLINE","BPA Application Fee"
"Bhubaneswardevelopmentauthority","2022-03-15","03/2021-22/112259","2022-03-15",8904.00,"ONLINE","BPA Application Fee"
"Bhubaneswar","2022-03-15","03/2021-22/112395","2022-03-15",3562.00,"ONLINE","BPA Application Fee"
"Bhubaneswar","2022-03-15","03/2021-22/112487","2022-03-15",3469.00,"ONLINE","BPA Application Fee"
"Bhubaneswar","2022-03-15","03/2021-22/112489","2022-03-15",947.00,"ONLINE","BPA Application Fee"
"Rourkela","2022-03-15","03/2021-22/112541","2022-03-15",1734.00,"ONLINE","BPA Application Fee"
"Bhubaneswar","2022-03-15","03/2021-22/112491","2022-03-15",13021.00,"ONLINE","BPA Application Fee"
"Sambalpur","2022-03-15","03/2021-22/112542","2022-03-15",9774.00,"ONLINE","BPA Application Fee"
"Bhubaneswar","2022-03-16","03/2021-22/113774","2022-03-16",1208.00,"ONLINE","BPA Application Fee"
"Bhubaneswar","2022-03-15","03/2021-22/112544","2022-03-15",4112.00,"ONLINE","BPA Application Fee"
"Bhubaneswar","2022-03-16","03/2021-22/113784","2022-03-16",0.00,"ONLINE","BPA Application Fee"
"Bhubaneswar","2022-03-16","03/2021-22/113790","2022-03-16",61073.00,"ONLINE","BPA Application Fee"
"Sambalpur","2022-03-16","03/2021-22/113796","2022-03-16",3393.00,"ONLINE","BPA Application Fee"
"Rourkela","2022-03-16","03/2021-22/114415","2022-03-16",63709.00,"ONLINE","BPA Sanction Fee"
"Bhubaneswar","2022-03-16","03/2021-22/114599","2022-03-16",5487.00,"ONLINE","BPA Application Fee"
"Sambalpur","2022-03-16","03/2021-22/114564","2022-03-16",2537.00,"ONLINE","BPA Application Fee"
"Berhampur","2022-03-16","03/2021-22/115536","2022-03-16",2989.00,"ONLINE","BPA Application Fee"
"Bhubaneswardevelopmentauthority","2022-03-16","03/2021-22/115380","2022-03-16",4570.00,"ONLINE","BPA Application Fee"
"Bhubaneswar","2022-03-16","03/2021-22/115489","2022-03-16",2457.00,"ONLINE","BPA Application Fee"
"Rourkela","2022-03-16","03/2021-22/115559","2022-03-16",841.00,"ONLINE","BPA Application Fee"
"Bhubaneswar","2022-03-17","03/2021-22/116225","2022-03-17",1537.00,"ONLINE","BPA Application Fee"
"Berhampurdevelopmentauthority","2022-03-17","03/2021-22/115619","2022-03-17",2359.00,"ONLINE","BPA Application Fee"
"Bhubaneswar","2022-03-17","03/2021-22/117097","2022-03-17",947.00,"ONLINE","BPA Application Fee"
"Bhubaneswardevelopmentauthority","2022-03-17","03/2021-22/116512","2022-03-17",22300.00,"ONLINE","BPA Application Fee"
"Berhampur","2022-03-17","03/2021-22/116966","2022-03-17",6863.00,"ONLINE","BPA Application Fee"
